starttime,traveltime
7/1/2015 2:30 am,424
7/1/2015 5:24 am,332
7/1/2015 5:41 am,486
7/1/2015 5:42 am,712
7/1/2015 5:46 am,611
7/1/2015 7:35 am,573
7/1/2015 7:37 am,515
7/1/2015 7:46 am,482
7/1/2015 7:47 am,463
7/1/2015 8:04 am,512
7/1/2015 8:27 am,563
7/1/2015 8:27 am,1824
7/1/2015 8:33 am,531
7/1/2015 8:38 am,576
7/1/2015 8:38 am,573
7/1/2015 8:43 am,846
7/1/2015 8:48 am,538
7/1/2015 9:20 am,551
7/1/2015 9:21 am,548
7/1/2015 10:03 am,469
7/1/2015 10:04 am,606
7/1/2015 10:17 am,1521
7/1/2015 10:22 am,1937
7/1/2015 10:29 am,617
7/1/2015 10:30 am,518
7/1/2015 10:32 am,476
7/1/2015 10:35 am,594
7/1/2015 10:44 am,613
7/1/2015 11:03 am,2298
7/1/2015 11:11 am,563
7/1/2015 11:11 am,1195
7/1/2015 11:14 am,559
7/1/2015 11:14 am,560
7/1/2015 11:19 am,509
7/1/2015 11:19 am,2121
7/1/2015 11:30 am,451
7/1/2015 11:48 am,616
7/1/2015 12:05 pm,585
7/1/2015 12:05 pm,665
7/1/2015 12:17 pm,534
7/1/2015 12:21 pm,588
7/1/2015 12:22 pm,611
7/1/2015 12:23 pm,537
7/1/2015 12:37 pm,637
7/1/2015 12:38 pm,473
7/1/2015 12:39 pm,561
7/1/2015 12:45 pm,892
7/1/2015 1:10 pm,1555
7/1/2015 1:14 pm,533
7/1/2015 1:15 pm,673
7/1/2015 1:20 pm,563
7/1/2015 1:23 pm,541
7/1/2015 1:27 pm,548
7/1/2015 1:33 pm,915
7/1/2015 1:33 pm,917
7/1/2015 1:44 pm,660
7/1/2015 1:45 pm,596
7/1/2015 1:48 pm,579
7/1/2015 2:10 pm,599
7/1/2015 2:11 pm,560
7/1/2015 2:11 pm,626
7/1/2015 2:17 pm,611
7/1/2015 2:22 pm,542
7/1/2015 2:22 pm,580
7/1/2015 2:24 pm,577
7/1/2015 2:28 pm,801
7/1/2015 2:28 pm,678
7/1/2015 2:30 pm,586
7/1/2015 2:31 pm,593
7/1/2015 2:32 pm,548
7/1/2015 2:35 pm,636
7/1/2015 2:40 pm,671
7/1/2015 2:40 pm,747
7/1/2015 2:41 pm,715
7/1/2015 2:47 pm,662
7/1/2015 3:04 pm,688
7/1/2015 3:04 pm,1141
7/1/2015 3:04 pm,686
7/1/2015 3:06 pm,741
7/1/2015 3:06 pm,828
7/1/2015 3:12 pm,1160
7/1/2015 3:13 pm,832
7/1/2015 3:13 pm,770
7/1/2015 3:14 pm,844
7/1/2015 3:15 pm,861
7/1/2015 3:19 pm,813
7/1/2015 3:24 pm,1003
7/1/2015 3:25 pm,820
7/1/2015 3:25 pm,809
7/1/2015 3:27 pm,934
7/1/2015 3:29 pm,924
7/1/2015 3:34 pm,846
7/1/2015 3:39 pm,909
7/1/2015 3:42 pm,906
7/1/2015 4:00 pm,912
7/1/2015 4:01 pm,966
7/1/2015 4:02 pm,847
7/1/2015 4:02 pm,904
7/1/2015 4:02 pm,886
7/1/2015 4:02 pm,895
7/1/2015 4:04 pm,857
7/1/2015 4:04 pm,901
7/1/2015 4:06 pm,868
7/1/2015 4:08 pm,832
7/1/2015 4:09 pm,884
7/1/2015 4:12 pm,882
7/1/2015 4:13 pm,872
7/1/2015 4:15 pm,900
7/1/2015 4:27 pm,903
7/1/2015 4:27 pm,861
7/1/2015 4:29 pm,800
7/1/2015 4:30 pm,791
7/1/2015 4:36 pm,910
7/1/2015 4:38 pm,930
7/1/2015 4:38 pm,833
7/1/2015 4:41 pm,1013
7/1/2015 5:03 pm,1364
7/1/2015 5:10 pm,897
7/1/2015 5:14 pm,845
7/1/2015 5:15 pm,866
7/1/2015 5:15 pm,1306
7/1/2015 5:17 pm,871
7/1/2015 5:17 pm,840
7/1/2015 5:21 pm,794
7/1/2015 5:24 pm,795
7/1/2015 5:24 pm,854
7/1/2015 5:25 pm,841
7/1/2015 5:27 pm,728
7/1/2015 5:37 pm,739
7/1/2015 5:40 pm,675
7/1/2015 5:41 pm,773
7/1/2015 5:42 pm,695
7/1/2015 5:43 pm,676
7/1/2015 5:46 pm,795
7/1/2015 6:01 pm,891
7/1/2015 6:02 pm,848
7/1/2015 6:02 pm,882
7/1/2015 6:06 pm,871
7/1/2015 6:07 pm,1800
7/1/2015 6:07 pm,1960
7/1/2015 6:07 pm,975
7/1/2015 6:07 pm,884
7/1/2015 6:12 pm,881
7/1/2015 6:17 pm,723
7/1/2015 6:18 pm,870
7/1/2015 6:22 pm,900
7/1/2015 6:24 pm,910
7/1/2015 6:28 pm,792
7/1/2015 6:32 pm,811
7/1/2015 6:32 pm,878
7/1/2015 6:38 pm,730
7/1/2015 6:42 pm,701
7/1/2015 7:04 pm,614
7/1/2015 7:11 pm,641
7/1/2015 7:11 pm,574
7/1/2015 7:22 pm,959
7/1/2015 7:24 pm,1471
7/1/2015 7:24 pm,572
7/1/2015 7:30 pm,517
7/1/2015 7:34 pm,436
7/1/2015 7:39 pm,541
7/1/2015 7:45 pm,506
7/1/2015 8:24 pm,507
7/1/2015 8:39 pm,493
7/1/2015 8:49 pm,477
7/1/2015 9:06 pm,1215
7/1/2015 9:15 pm,482
7/1/2015 9:15 pm,447
7/1/2015 9:23 pm,496
7/1/2015 9:25 pm,566
7/1/2015 9:28 pm,578
7/1/2015 9:35 pm,550
7/1/2015 9:38 pm,585
7/1/2015 10:02 pm,455
7/1/2015 10:07 pm,525
7/1/2015 10:40 pm,473
7/1/2015 11:46 pm,459
7/2/2015 1:15 am,324
7/2/2015 3:21 am,338
7/2/2015 4:33 am,419
7/2/2015 5:01 am,359
7/2/2015 5:41 am,768
7/2/2015 5:45 am,333
7/2/2015 6:40 am,524
7/2/2015 7:00 am,449
7/2/2015 7:01 am,554
7/2/2015 7:31 am,476
7/2/2015 7:32 am,487
7/2/2015 7:38 am,431
7/2/2015 7:42 am,731
7/2/2015 8:15 am,567
7/2/2015 9:05 am,537
7/2/2015 9:23 am,1436
7/2/2015 9:27 am,661
7/2/2015 9:29 am,504
7/2/2015 10:27 am,974
7/2/2015 11:15 am,461
7/2/2015 11:27 am,540
7/2/2015 11:27 am,1536
7/2/2015 11:33 am,544
7/2/2015 11:44 am,562
7/2/2015 11:45 am,626
7/2/2015 12:06 pm,560
7/2/2015 12:06 pm,579
7/2/2015 12:13 pm,633
7/2/2015 12:15 pm,620
7/2/2015 12:27 pm,616
7/2/2015 12:38 pm,557
7/2/2015 12:46 pm,523
7/2/2015 12:46 pm,554
7/2/2015 1:05 pm,566
7/2/2015 1:14 pm,550
7/2/2015 1:15 pm,594
7/2/2015 1:18 pm,600
7/2/2015 1:22 pm,539
7/2/2015 1:23 pm,659
7/2/2015 1:24 pm,1104
7/2/2015 1:26 pm,575
7/2/2015 1:27 pm,545
7/2/2015 1:30 pm,1098
7/2/2015 1:33 pm,515
7/2/2015 1:36 pm,578
7/2/2015 1:38 pm,552
7/2/2015 1:38 pm,553
7/2/2015 1:39 pm,579
7/2/2015 1:42 pm,616
7/2/2015 1:42 pm,633
7/2/2015 1:42 pm,592
7/2/2015 1:44 pm,647
7/2/2015 1:45 pm,590
7/2/2015 2:00 pm,636
7/2/2015 2:02 pm,607
7/2/2015 2:04 pm,691
7/2/2015 2:05 pm,676
7/2/2015 2:07 pm,1031
7/2/2015 2:12 pm,649
7/2/2015 2:15 pm,862
7/2/2015 2:15 pm,729
7/2/2015 2:15 pm,654
7/2/2015 2:16 pm,671
7/2/2015 2:19 pm,697
7/2/2015 2:21 pm,589
7/2/2015 2:21 pm,515
7/2/2015 2:24 pm,683
7/2/2015 2:24 pm,685
7/2/2015 2:25 pm,689
7/2/2015 2:25 pm,690
7/2/2015 3:00 pm,707
7/2/2015 3:06 pm,1575
7/2/2015 3:11 pm,791
7/2/2015 3:19 pm,874
7/2/2015 3:20 pm,888
7/2/2015 3:25 pm,854
7/2/2015 3:26 pm,888
7/2/2015 3:27 pm,888
7/2/2015 3:30 pm,858
7/2/2015 3:31 pm,902
7/2/2015 3:35 pm,953
7/2/2015 3:36 pm,894
7/2/2015 3:39 pm,481
7/2/2015 3:42 pm,933
7/2/2015 3:43 pm,852
7/2/2015 4:00 pm,797
7/2/2015 4:01 pm,773
7/2/2015 4:04 pm,899
7/2/2015 4:05 pm,810
7/2/2015 4:06 pm,989
7/2/2015 4:11 pm,1254
7/2/2015 4:12 pm,882
7/2/2015 4:17 pm,800
7/2/2015 4:20 pm,819
7/2/2015 4:26 pm,896
7/2/2015 4:27 pm,839
7/2/2015 4:30 pm,837
7/2/2015 4:37 pm,881
7/2/2015 4:38 pm,911
7/2/2015 4:40 pm,872
7/2/2015 4:59 pm,996
7/2/2015 5:08 pm,1003
7/2/2015 5:09 pm,964
7/2/2015 5:13 pm,987
7/2/2015 5:14 pm,848
7/2/2015 5:14 pm,828
7/2/2015 5:19 pm,1117
7/2/2015 5:27 pm,954
7/2/2015 5:28 pm,913
7/2/2015 5:29 pm,918
7/2/2015 5:32 pm,829
7/2/2015 5:33 pm,811
7/2/2015 5:33 pm,835
7/2/2015 5:34 pm,822
7/2/2015 5:35 pm,905
7/2/2015 5:38 pm,1009
7/2/2015 5:39 pm,980
7/2/2015 5:44 pm,824
7/2/2015 5:46 pm,957
7/2/2015 5:48 pm,834
7/2/2015 5:51 pm,829
7/2/2015 5:51 pm,803
7/2/2015 5:51 pm,843
7/2/2015 5:52 pm,806
7/2/2015 5:55 pm,811
7/2/2015 5:57 pm,762
7/2/2015 6:01 pm,827
7/2/2015 6:03 pm,801
7/2/2015 6:08 pm,735
7/2/2015 6:11 pm,844
7/2/2015 6:16 pm,740
7/2/2015 6:22 pm,619
7/2/2015 6:25 pm,618
7/2/2015 6:33 pm,568
7/2/2015 6:39 pm,766
7/2/2015 6:39 pm,764
7/2/2015 6:44 pm,586
7/2/2015 6:44 pm,536
7/2/2015 6:48 pm,552
7/2/2015 7:05 pm,529
7/2/2015 7:06 pm,613
7/2/2015 7:10 pm,609
7/2/2015 7:14 pm,530
7/2/2015 7:15 pm,505
7/2/2015 7:18 pm,504
7/2/2015 7:19 pm,527
7/2/2015 7:44 pm,527
7/2/2015 7:44 pm,404
7/2/2015 8:02 pm,733
7/2/2015 8:08 pm,578
7/2/2015 8:19 pm,490
7/2/2015 8:21 pm,993
7/2/2015 8:32 pm,475
7/2/2015 8:32 pm,473
7/2/2015 8:42 pm,508
7/2/2015 9:02 pm,485
7/2/2015 9:08 pm,936
7/2/2015 9:08 pm,519
7/2/2015 9:08 pm,1046
7/2/2015 9:08 pm,581
7/2/2015 9:17 pm,662
7/2/2015 9:43 pm,873
7/2/2015 9:46 pm,662
7/2/2015 10:03 pm,557
7/2/2015 10:07 pm,538
7/2/2015 10:10 pm,511
7/2/2015 10:26 pm,498
7/2/2015 10:29 pm,441
7/2/2015 10:30 pm,488
7/2/2015 11:18 pm,539
7/2/2015 11:20 pm,454
7/2/2015 11:26 pm,791
7/2/2015 11:45 pm,462
7/3/2015 1:01 am,714
7/3/2015 1:01 am,1432
7/3/2015 1:01 am,712
7/3/2015 1:01 am,1428
7/3/2015 2:40 am,991
7/3/2015 5:41 am,631
7/3/2015 7:32 am,413
7/3/2015 8:05 am,2242
7/3/2015 8:05 am,472
7/3/2015 8:06 am,423
7/3/2015 8:13 am,584
7/3/2015 8:14 am,427
7/3/2015 8:38 am,401
7/3/2015 8:38 am,475
7/3/2015 9:21 am,521
7/3/2015 9:24 am,496
7/3/2015 9:25 am,527
7/3/2015 9:43 am,560
7/3/2015 9:43 am,560
7/3/2015 10:00 am,965
7/3/2015 10:01 am,415
7/3/2015 10:06 am,564
7/3/2015 10:15 am,526
7/3/2015 10:22 am,544
7/3/2015 10:23 am,546
7/3/2015 10:28 am,554
7/3/2015 10:35 am,515
7/3/2015 11:00 am,1740
7/3/2015 11:00 am,1738
7/3/2015 11:02 am,1004
7/3/2015 11:04 am,556
7/3/2015 11:20 am,473
7/3/2015 11:21 am,538
7/3/2015 11:26 am,511
7/3/2015 11:36 am,594
7/3/2015 11:41 am,588
7/3/2015 11:45 am,627
7/3/2015 11:49 am,573
7/3/2015 12:03 pm,495
7/3/2015 12:13 pm,1131
7/3/2015 12:13 pm,1132
7/3/2015 12:16 pm,546
7/3/2015 12:18 pm,579
7/3/2015 12:27 pm,537
7/3/2015 12:30 pm,1012
7/3/2015 12:36 pm,556
7/3/2015 12:36 pm,554
7/3/2015 12:42 pm,596
7/3/2015 1:15 pm,545
7/3/2015 1:43 pm,615
7/3/2015 1:48 pm,554
7/3/2015 2:01 pm,494
7/3/2015 2:06 pm,515
7/3/2015 2:08 pm,521
7/3/2015 2:11 pm,971
7/3/2015 2:15 pm,608
7/3/2015 2:21 pm,537
7/3/2015 2:28 pm,488
7/3/2015 3:08 pm,604
7/3/2015 3:15 pm,634
7/3/2015 3:15 pm,1290
7/3/2015 3:17 pm,586
7/3/2015 3:27 pm,435
7/3/2015 3:30 pm,512
7/3/2015 3:33 pm,549
7/3/2015 3:38 pm,1010
7/3/2015 3:48 pm,436
7/3/2015 3:51 pm,453
7/3/2015 4:08 pm,482
7/3/2015 4:21 pm,904
7/3/2015 4:22 pm,488
7/3/2015 4:22 pm,1521
7/3/2015 4:30 pm,1225
7/3/2015 4:31 pm,621
7/3/2015 4:43 pm,559
7/3/2015 4:43 pm,550
7/3/2015 4:44 pm,521
7/3/2015 4:44 pm,543
7/3/2015 4:44 pm,496
7/3/2015 5:00 pm,2482
7/3/2015 5:32 pm,831
7/3/2015 5:33 pm,477
7/3/2015 5:45 pm,575
7/3/2015 5:47 pm,511
7/3/2015 6:15 pm,539
7/3/2015 6:34 pm,524
7/3/2015 6:40 pm,744
7/3/2015 6:41 pm,489
7/3/2015 6:48 pm,473
7/3/2015 7:23 pm,534
7/3/2015 7:23 pm,1178
7/3/2015 7:32 pm,473
7/3/2015 7:40 pm,497
7/3/2015 8:05 pm,954
7/3/2015 8:08 pm,477
7/3/2015 8:10 pm,520
7/3/2015 8:11 pm,535
7/3/2015 8:16 pm,510
7/3/2015 8:17 pm,488
7/3/2015 8:49 pm,476
7/3/2015 9:00 pm,488
7/3/2015 9:28 pm,493
7/3/2015 9:31 pm,524
7/3/2015 9:36 pm,581
7/3/2015 9:41 pm,500
7/3/2015 9:48 pm,555
7/3/2015 9:51 pm,403
7/3/2015 10:09 pm,533
7/3/2015 10:38 pm,443
7/3/2015 10:41 pm,459
7/3/2015 11:22 pm,931
7/3/2015 11:22 pm,930
7/4/2015 2:04 am,861
7/4/2015 2:09 am,2432
7/4/2015 2:09 am,2230
7/4/2015 2:27 am,463
7/4/2015 2:35 am,439
7/4/2015 2:40 am,618
7/4/2015 2:40 am,416
7/4/2015 2:43 am,398
7/4/2015 4:31 am,467
7/4/2015 5:00 am,418
7/4/2015 5:07 am,2521
7/4/2015 5:39 am,622
7/4/2015 7:20 am,356
7/4/2015 7:44 am,729
7/4/2015 8:20 am,823
7/4/2015 8:20 am,426
7/4/2015 9:09 am,1276
7/4/2015 9:22 am,454
7/4/2015 9:45 am,488
7/4/2015 9:47 am,435
7/4/2015 10:02 am,1735
7/4/2015 10:30 am,507
7/4/2015 10:50 am,532
7/4/2015 11:01 am,454
7/4/2015 11:07 am,424
7/4/2015 11:15 am,457
7/4/2015 11:31 am,536
7/4/2015 11:31 am,822
7/4/2015 11:32 am,511
7/4/2015 11:40 am,413
7/4/2015 11:44 am,427
7/4/2015 12:04 pm,666
7/4/2015 12:24 pm,512
7/4/2015 12:27 pm,489
7/4/2015 12:37 pm,515
7/4/2015 1:00 pm,1460
7/4/2015 1:21 pm,518
7/4/2015 1:41 pm,479
7/4/2015 1:46 pm,508
7/4/2015 2:33 pm,524
7/4/2015 2:37 pm,598
7/4/2015 2:50 pm,479
7/4/2015 2:59 pm,578
7/4/2015 3:07 pm,541
7/4/2015 3:14 pm,1428
7/4/2015 3:15 pm,932
7/4/2015 3:16 pm,1132
7/4/2015 3:25 pm,604
7/4/2015 3:29 pm,522
7/4/2015 3:52 pm,428
7/4/2015 4:19 pm,492
7/4/2015 5:00 pm,472
7/4/2015 5:03 pm,481
7/4/2015 5:11 pm,787
7/4/2015 5:17 pm,466
7/4/2015 5:20 pm,1247
7/4/2015 5:28 pm,1275
7/4/2015 6:03 pm,521
7/4/2015 6:14 pm,468
7/4/2015 6:51 pm,438
7/4/2015 7:00 pm,473
7/4/2015 7:00 pm,470
7/4/2015 7:09 pm,509
7/4/2015 7:25 pm,413
7/4/2015 7:29 pm,386
7/4/2015 7:31 pm,477
7/4/2015 7:44 pm,479
7/4/2015 7:59 pm,461
7/4/2015 8:14 pm,524
7/4/2015 8:23 pm,706
7/4/2015 8:25 pm,467
7/4/2015 8:32 pm,386
7/4/2015 8:40 pm,524
7/4/2015 9:13 pm,501
7/4/2015 9:14 pm,437
7/4/2015 10:07 pm,2433
7/4/2015 10:27 pm,518
7/4/2015 10:32 pm,753
7/4/2015 10:37 pm,513
7/4/2015 10:43 pm,573
7/4/2015 10:45 pm,496
7/4/2015 11:02 pm,654
7/4/2015 11:02 pm,652
7/4/2015 11:03 pm,630
7/4/2015 11:03 pm,619
7/4/2015 11:08 pm,478
7/4/2015 11:14 pm,2341
7/4/2015 11:14 pm,2590
7/4/2015 11:14 pm,566
7/4/2015 11:14 pm,2509
7/4/2015 11:18 pm,604
7/4/2015 11:21 pm,606
7/5/2015 12:09 am,487
7/5/2015 12:16 am,532
7/5/2015 12:18 am,627
7/5/2015 12:34 am,359
7/5/2015 12:42 am,551
7/5/2015 12:42 am,554
7/5/2015 1:29 am,500
7/5/2015 2:45 am,428
7/5/2015 4:41 am,432
7/5/2015 6:29 am,395
7/5/2015 7:50 am,389
7/5/2015 8:07 am,757
7/5/2015 8:19 am,324
7/5/2015 9:20 am,458
7/5/2015 9:36 am,496
7/5/2015 9:49 am,444
7/5/2015 10:02 am,776
7/5/2015 10:02 am,1543
7/5/2015 10:26 am,501
7/5/2015 10:37 am,456
7/5/2015 10:40 am,461
7/5/2015 10:40 am,493
7/5/2015 10:50 am,565
7/5/2015 11:24 am,497
7/5/2015 12:04 pm,499
7/5/2015 12:15 pm,1399
7/5/2015 12:15 pm,2351
7/5/2015 12:18 pm,462
7/5/2015 12:21 pm,1866
7/5/2015 12:22 pm,488
7/5/2015 12:23 pm,481
7/5/2015 12:27 pm,499
7/5/2015 12:31 pm,449
7/5/2015 1:00 pm,496
7/5/2015 1:06 pm,543
7/5/2015 1:09 pm,468
7/5/2015 1:13 pm,665
7/5/2015 1:17 pm,555
7/5/2015 1:23 pm,570
7/5/2015 1:24 pm,558
7/5/2015 1:29 pm,1294
7/5/2015 2:00 pm,1442
7/5/2015 2:01 pm,858
7/5/2015 2:04 pm,975
7/5/2015 2:05 pm,520
7/5/2015 2:06 pm,502
7/5/2015 2:07 pm,1542
7/5/2015 2:11 pm,1068
7/5/2015 2:14 pm,1234
7/5/2015 2:15 pm,509
7/5/2015 2:18 pm,476
7/5/2015 2:25 pm,473
7/5/2015 2:28 pm,456
7/5/2015 2:29 pm,561
7/5/2015 2:32 pm,515
7/5/2015 2:35 pm,547
7/5/2015 2:50 pm,533
7/5/2015 3:06 pm,421
7/5/2015 3:12 pm,485
7/5/2015 3:32 pm,665
7/5/2015 3:39 pm,449
7/5/2015 3:46 pm,586
7/5/2015 3:49 pm,571
7/5/2015 4:20 pm,554
7/5/2015 4:29 pm,530
7/5/2015 5:11 pm,517
7/5/2015 5:36 pm,487
7/5/2015 6:08 pm,423
7/5/2015 6:13 pm,582
7/5/2015 6:17 pm,519
7/5/2015 6:23 pm,483
7/5/2015 6:39 pm,493
7/5/2015 6:39 pm,533
7/5/2015 7:01 pm,540
7/5/2015 7:05 pm,520
7/5/2015 7:14 pm,388
7/5/2015 7:21 pm,559
7/5/2015 7:25 pm,496
7/5/2015 8:02 pm,502
7/5/2015 8:02 pm,501
7/5/2015 8:12 pm,585
7/5/2015 8:16 pm,515
7/5/2015 8:33 pm,567
7/5/2015 9:01 pm,475
7/5/2015 9:13 pm,549
7/5/2015 9:13 pm,514
7/5/2015 9:36 pm,865
7/5/2015 9:43 pm,462
7/5/2015 10:19 pm,544
7/5/2015 11:05 pm,1522
7/5/2015 11:11 pm,1002
7/5/2015 11:15 pm,905
7/5/2015 11:36 pm,854
7/5/2015 11:50 pm,474
7/6/2015 12:08 am,394
7/6/2015 12:19 am,580
7/6/2015 12:19 am,577
7/6/2015 3:03 am,2189
7/6/2015 3:20 am,365
7/6/2015 5:41 am,795
7/6/2015 6:01 am,2034
7/6/2015 6:29 am,402
7/6/2015 6:46 am,454
7/6/2015 7:08 am,435
7/6/2015 7:25 am,500
7/6/2015 7:26 am,572
7/6/2015 8:00 am,492
7/6/2015 8:08 am,974
7/6/2015 8:08 am,975
7/6/2015 8:08 am,975
7/6/2015 8:18 am,486
7/6/2015 8:25 am,485
7/6/2015 8:38 am,569
7/6/2015 8:39 am,496
7/6/2015 8:43 am,483
7/6/2015 9:23 am,505
7/6/2015 9:31 am,514
7/6/2015 9:36 am,488
7/6/2015 9:36 am,923
7/6/2015 9:36 am,925
7/6/2015 9:37 am,801
7/6/2015 9:52 am,441
7/6/2015 10:09 am,456
7/6/2015 10:15 am,1272
7/6/2015 10:15 am,1269
7/6/2015 10:19 am,2387
7/6/2015 10:24 am,1129
7/6/2015 10:27 am,974
7/6/2015 10:27 am,568
7/6/2015 10:27 am,569
7/6/2015 10:27 am,530
7/6/2015 10:30 am,506
7/6/2015 11:05 am,520
7/6/2015 11:15 am,566
7/6/2015 11:19 am,473
7/6/2015 11:22 am,440
7/6/2015 11:25 am,585
7/6/2015 11:30 am,491
7/6/2015 11:34 am,475
7/6/2015 11:37 am,475
7/6/2015 11:38 am,524
7/6/2015 11:38 am,434
7/6/2015 11:38 am,439
7/6/2015 11:38 am,520
7/6/2015 12:15 pm,531
7/6/2015 12:15 pm,662
7/6/2015 12:20 pm,591
7/6/2015 12:28 pm,568
7/6/2015 12:49 pm,548
7/6/2015 1:23 pm,583
7/6/2015 1:29 pm,632
7/6/2015 1:37 pm,586
7/6/2015 1:38 pm,503
7/6/2015 1:40 pm,501
7/6/2015 1:46 pm,489
7/6/2015 1:47 pm,567
7/6/2015 1:49 pm,559
7/6/2015 2:23 pm,591
7/6/2015 2:29 pm,567
7/6/2015 2:33 pm,665
7/6/2015 2:37 pm,719
7/6/2015 2:38 pm,701
7/6/2015 3:06 pm,526
7/6/2015 3:13 pm,655
7/6/2015 3:29 pm,670
7/6/2015 3:30 pm,670
7/6/2015 3:37 pm,557
7/6/2015 3:38 pm,536
7/6/2015 3:44 pm,644
7/6/2015 3:47 pm,686
7/6/2015 4:03 pm,700
7/6/2015 4:04 pm,1318
7/6/2015 4:04 pm,748
7/6/2015 4:09 pm,747
7/6/2015 4:15 pm,657
7/6/2015 4:15 pm,1338
7/6/2015 4:20 pm,713
7/6/2015 4:20 pm,686
7/6/2015 4:24 pm,703
7/6/2015 4:24 pm,691
7/6/2015 4:24 pm,653
7/6/2015 4:25 pm,831
7/6/2015 4:28 pm,667
7/6/2015 4:33 pm,742
7/6/2015 4:34 pm,719
7/6/2015 4:35 pm,731
7/6/2015 4:39 pm,672
7/6/2015 5:01 pm,817
7/6/2015 5:05 pm,837
7/6/2015 5:06 pm,817
7/6/2015 5:10 pm,948
7/6/2015 5:11 pm,866
7/6/2015 5:12 pm,959
7/6/2015 5:13 pm,1047
7/6/2015 5:18 pm,908
7/6/2015 5:19 pm,744
7/6/2015 5:22 pm,870
7/6/2015 5:23 pm,787
7/6/2015 5:25 pm,773
7/6/2015 5:30 pm,616
7/6/2015 5:30 pm,769
7/6/2015 5:36 pm,690
7/6/2015 5:38 pm,636
7/6/2015 5:39 pm,706
7/6/2015 5:40 pm,777
7/6/2015 5:40 pm,729
7/6/2015 5:43 pm,657
7/6/2015 6:02 pm,585
7/6/2015 6:08 pm,695
7/6/2015 6:13 pm,682
7/6/2015 6:20 pm,481
7/6/2015 6:22 pm,580
7/6/2015 6:28 pm,590
7/6/2015 6:28 pm,491
7/6/2015 6:45 pm,615
7/6/2015 6:51 pm,466
7/6/2015 7:10 pm,542
7/6/2015 7:24 pm,483
7/6/2015 7:28 pm,485
7/6/2015 7:33 pm,1508
7/6/2015 7:36 pm,478
7/6/2015 7:39 pm,520
7/6/2015 7:50 pm,527
7/6/2015 7:52 pm,417
7/6/2015 7:59 pm,453
7/6/2015 8:00 pm,512
7/6/2015 8:04 pm,459
7/6/2015 8:06 pm,565
7/6/2015 8:15 pm,438
7/6/2015 9:10 pm,498
7/6/2015 9:13 pm,451
7/6/2015 9:35 pm,728
7/6/2015 9:45 pm,422
7/6/2015 10:20 pm,380
7/6/2015 10:23 pm,439
7/6/2015 10:50 pm,423
7/6/2015 11:09 pm,2237
7/7/2015 12:12 am,419
7/7/2015 12:13 am,480
7/7/2015 12:35 am,539
7/7/2015 2:15 am,396
7/7/2015 2:37 am,992
7/7/2015 2:45 am,319
7/7/2015 2:53 am,370
7/7/2015 3:02 am,369
7/7/2015 3:30 am,310
7/7/2015 5:23 am,378
7/7/2015 5:41 am,732
7/7/2015 6:30 am,475
7/7/2015 7:04 am,511
7/7/2015 7:10 am,519
7/7/2015 7:32 am,571
7/7/2015 7:33 am,546
7/7/2015 7:37 am,495
7/7/2015 8:11 am,530
7/7/2015 8:34 am,583
7/7/2015 8:34 am,1426
7/7/2015 8:36 am,497
7/7/2015 8:46 am,605
7/7/2015 8:59 am,574
7/7/2015 9:03 am,576
7/7/2015 9:08 am,638
7/7/2015 9:18 am,561
7/7/2015 9:35 am,692
7/7/2015 10:03 am,426
7/7/2015 10:14 am,541
7/7/2015 10:27 am,906
7/7/2015 10:33 am,666
7/7/2015 10:41 am,507
7/7/2015 10:43 am,588
7/7/2015 10:48 am,540
7/7/2015 11:01 am,622
7/7/2015 11:01 am,566
7/7/2015 11:12 am,1066
7/7/2015 11:27 am,656
7/7/2015 11:45 am,535
7/7/2015 11:46 am,493
7/7/2015 11:47 am,601
7/7/2015 12:06 pm,523
7/7/2015 12:06 pm,514
7/7/2015 12:09 pm,581
7/7/2015 12:12 pm,589
7/7/2015 12:24 pm,720
7/7/2015 12:28 pm,639
7/7/2015 12:28 pm,642
7/7/2015 12:31 pm,554
7/7/2015 12:49 pm,617
7/7/2015 1:06 pm,1270
7/7/2015 1:07 pm,905
7/7/2015 1:20 pm,583
7/7/2015 1:24 pm,617
7/7/2015 1:25 pm,822
7/7/2015 1:46 pm,642
7/7/2015 1:48 pm,611
7/7/2015 1:48 pm,561
7/7/2015 2:00 pm,538
7/7/2015 2:10 pm,612
7/7/2015 2:19 pm,544
7/7/2015 2:23 pm,584
7/7/2015 2:27 pm,575
7/7/2015 2:38 pm,584
7/7/2015 2:39 pm,629
7/7/2015 2:41 pm,644
7/7/2015 2:44 pm,572
7/7/2015 2:45 pm,508
7/7/2015 2:59 pm,669
7/7/2015 3:01 pm,828
7/7/2015 3:02 pm,787
7/7/2015 3:07 pm,820
7/7/2015 3:07 pm,793
7/7/2015 3:08 pm,2015
7/7/2015 3:12 pm,793
7/7/2015 3:13 pm,684
7/7/2015 3:16 pm,728
7/7/2015 3:16 pm,728
7/7/2015 3:19 pm,738
7/7/2015 3:19 pm,745
7/7/2015 3:22 pm,744
7/7/2015 3:24 pm,755
7/7/2015 3:24 pm,756
7/7/2015 3:25 pm,702
7/7/2015 3:27 pm,764
7/7/2015 3:27 pm,816
7/7/2015 3:38 pm,837
7/7/2015 3:41 pm,861
7/7/2015 3:42 pm,807
7/7/2015 4:00 pm,786
7/7/2015 4:03 pm,778
7/7/2015 4:03 pm,778
7/7/2015 4:05 pm,840
7/7/2015 4:11 pm,1254
7/7/2015 4:19 pm,880
7/7/2015 4:19 pm,800
7/7/2015 4:21 pm,844
7/7/2015 4:22 pm,887
7/7/2015 4:24 pm,882
7/7/2015 4:24 pm,896
7/7/2015 4:28 pm,827
7/7/2015 4:28 pm,795
7/7/2015 4:35 pm,881
7/7/2015 4:39 pm,860
7/7/2015 4:43 pm,834
7/7/2015 4:59 pm,887
7/7/2015 5:05 pm,936
7/7/2015 5:06 pm,921
7/7/2015 5:11 pm,773
7/7/2015 5:12 pm,807
7/7/2015 5:15 pm,1052
7/7/2015 5:19 pm,1827
7/7/2015 5:20 pm,900
7/7/2015 5:23 pm,1441
7/7/2015 5:24 pm,1050
7/7/2015 5:28 pm,919
7/7/2015 5:35 pm,865
7/7/2015 5:40 pm,730
7/7/2015 5:40 pm,798
7/7/2015 5:41 pm,924
7/7/2015 5:43 pm,785
7/7/2015 6:00 pm,884
7/7/2015 6:01 pm,1442
7/7/2015 6:04 pm,896
7/7/2015 6:12 pm,1493
7/7/2015 6:19 pm,397
7/7/2015 6:23 pm,840
7/7/2015 6:27 pm,732
7/7/2015 6:28 pm,697
7/7/2015 6:38 pm,677
7/7/2015 6:40 pm,593
7/7/2015 6:40 pm,872
7/7/2015 6:44 pm,735
7/7/2015 6:44 pm,621
7/7/2015 7:00 pm,572
7/7/2015 7:01 pm,554
7/7/2015 7:06 pm,599
7/7/2015 7:10 pm,615
7/7/2015 7:11 pm,598
7/7/2015 7:13 pm,615
7/7/2015 7:17 pm,659
7/7/2015 7:20 pm,559
7/7/2015 7:30 pm,520
7/7/2015 7:33 pm,560
7/7/2015 7:42 pm,519
7/7/2015 7:45 pm,379
7/7/2015 7:47 pm,540
7/7/2015 8:01 pm,532
7/7/2015 8:03 pm,472
7/7/2015 8:08 pm,496
7/7/2015 8:14 pm,483
7/7/2015 8:24 pm,1498
7/7/2015 8:26 pm,552
7/7/2015 8:31 pm,545
7/7/2015 8:31 pm,456
7/7/2015 8:46 pm,576
7/7/2015 9:12 pm,514
7/7/2015 9:13 pm,532
7/7/2015 9:22 pm,554
7/7/2015 9:44 pm,472
7/7/2015 10:02 pm,1438
7/7/2015 10:07 pm,2202
7/7/2015 10:09 pm,487
7/7/2015 10:09 pm,1648
7/7/2015 10:36 pm,426
7/7/2015 11:15 pm,434
7/7/2015 11:45 pm,347
7/8/2015 12:05 am,2403
7/8/2015 12:11 am,385
7/8/2015 1:03 am,442
7/8/2015 1:09 am,1428
7/8/2015 1:37 am,389
7/8/2015 2:16 am,421
7/8/2015 2:21 am,383
7/8/2015 3:11 am,486
7/8/2015 5:10 am,440
7/8/2015 5:40 am,367
7/8/2015 5:42 am,664
7/8/2015 5:43 am,429
7/8/2015 6:03 am,623
7/8/2015 7:25 am,599
7/8/2015 7:29 am,471
7/8/2015 7:37 am,490
7/8/2015 7:45 am,599
7/8/2015 7:46 am,445
7/8/2015 10:12 am,583
7/8/2015 10:18 am,2020
7/8/2015 10:18 am,2542
7/8/2015 10:18 am,2018
7/8/2015 10:18 am,2611
7/8/2015 10:19 am,2533
7/8/2015 10:19 am,1941
7/8/2015 10:19 am,1940
7/8/2015 10:19 am,2464
7/8/2015 10:23 am,890
7/8/2015 10:46 am,555
7/8/2015 10:46 am,556
7/8/2015 10:50 am,1457
7/8/2015 11:01 am,598
7/8/2015 11:01 am,1095
7/8/2015 11:19 am,620
7/8/2015 11:39 am,572
7/8/2015 11:48 am,516
7/8/2015 4:04 pm,819
7/8/2015 4:07 pm,830
7/8/2015 4:08 pm,873
7/8/2015 4:14 pm,783
7/8/2015 4:18 pm,746
7/8/2015 4:18 pm,789
7/8/2015 4:18 pm,787
7/8/2015 4:21 pm,847
7/8/2015 4:28 pm,805
7/8/2015 4:28 pm,825
7/8/2015 4:29 pm,813
7/8/2015 4:32 pm,811
7/8/2015 4:35 pm,820
7/8/2015 4:45 pm,845
7/8/2015 8:35 pm,579
7/8/2015 9:01 pm,486
7/8/2015 9:14 pm,617
7/8/2015 9:17 pm,617
7/8/2015 9:21 pm,591
7/8/2015 9:25 pm,682
7/8/2015 9:28 pm,533
7/8/2015 9:32 pm,558
7/8/2015 9:35 pm,905
7/8/2015 9:35 pm,596
7/8/2015 9:43 pm,508
7/8/2015 9:52 pm,524
7/8/2015 9:57 pm,527
7/8/2015 9:57 pm,857
7/8/2015 10:10 pm,544
7/8/2015 10:21 pm,406
7/8/2015 10:42 pm,451
7/8/2015 11:04 pm,711
7/9/2015 3:20 am,469
7/9/2015 5:32 am,324
7/9/2015 5:46 am,433
7/9/2015 7:08 am,532
7/9/2015 7:14 am,484
7/9/2015 7:21 am,474
7/9/2015 7:32 am,587
7/9/2015 7:34 am,536
7/9/2015 8:04 am,513
7/9/2015 8:15 am,547
7/9/2015 8:22 am,581
7/9/2015 8:24 am,512
7/9/2015 8:28 am,548
7/9/2015 8:43 am,592
7/9/2015 8:44 am,517
7/9/2015 9:10 am,557
7/9/2015 9:16 am,531
7/9/2015 9:17 am,540
7/9/2015 9:21 am,524
7/9/2015 9:29 am,529
7/9/2015 9:29 am,528
7/9/2015 9:33 am,475
7/9/2015 9:34 am,572
7/9/2015 9:41 am,1230
7/9/2015 9:42 am,525
7/9/2015 9:43 am,941
7/9/2015 9:50 am,575
7/9/2015 9:54 am,543
7/9/2015 9:55 am,470
7/9/2015 9:59 am,805
7/9/2015 10:29 am,568
7/9/2015 10:34 am,492
7/9/2015 10:34 am,489
7/9/2015 10:49 am,458
7/9/2015 10:52 am,468
7/9/2015 10:54 am,467
7/9/2015 11:10 am,502
7/9/2015 11:21 am,517
7/9/2015 11:29 am,481
7/9/2015 11:35 am,574
7/9/2015 11:38 am,614
7/9/2015 11:41 am,612
7/9/2015 11:43 am,1396
7/9/2015 11:50 am,771
7/9/2015 11:56 am,488
7/9/2015 12:00 pm,573
7/9/2015 12:02 pm,477
7/9/2015 12:11 pm,624
7/9/2015 12:12 pm,855
7/9/2015 12:16 pm,630
7/9/2015 12:29 pm,671
7/9/2015 12:30 pm,594
7/9/2015 12:37 pm,617
7/9/2015 12:44 pm,1348
7/9/2015 12:44 pm,443
7/9/2015 12:44 pm,568
7/9/2015 12:51 pm,622
7/9/2015 1:00 pm,596
7/9/2015 1:04 pm,661
7/9/2015 1:10 pm,597
7/9/2015 1:20 pm,1616
7/9/2015 1:24 pm,527
7/9/2015 1:25 pm,709
7/9/2015 1:28 pm,606
7/9/2015 1:32 pm,666
7/9/2015 1:34 pm,616
7/9/2015 1:39 pm,575
7/9/2015 1:42 pm,494
7/9/2015 1:49 pm,601
7/9/2015 1:51 pm,732
7/9/2015 1:52 pm,648
7/9/2015 1:55 pm,566
7/9/2015 1:59 pm,578
7/9/2015 2:04 pm,658
7/9/2015 2:06 pm,529
7/9/2015 2:22 pm,599
7/9/2015 2:25 pm,546
7/9/2015 2:30 pm,641
7/9/2015 2:36 pm,637
7/9/2015 4:00 pm,693
7/9/2015 4:03 pm,795
7/9/2015 4:04 pm,796
7/9/2015 4:17 pm,815
7/9/2015 4:22 pm,830
7/9/2015 4:23 pm,779
7/9/2015 4:25 pm,757
7/9/2015 4:25 pm,1263
7/9/2015 4:26 pm,843
7/9/2015 4:28 pm,1504
7/9/2015 4:28 pm,1327
7/9/2015 4:29 pm,752
7/9/2015 4:32 pm,735
7/9/2015 4:33 pm,778
7/9/2015 4:34 pm,822
7/9/2015 4:37 pm,766
7/9/2015 4:38 pm,738
7/9/2015 4:40 pm,907
7/9/2015 4:44 pm,845
7/9/2015 4:46 pm,836
7/9/2015 4:48 pm,903
7/9/2015 5:10 pm,774
7/9/2015 5:12 pm,834
7/9/2015 5:13 pm,821
7/9/2015 5:18 pm,854
7/9/2015 5:21 pm,826
7/9/2015 5:29 pm,740
7/9/2015 5:31 pm,808
7/9/2015 5:36 pm,780
7/9/2015 5:37 pm,755
7/9/2015 5:41 pm,813
7/9/2015 5:45 pm,682
7/9/2015 5:47 pm,725
7/9/2015 5:52 pm,739
7/9/2015 5:54 pm,785
7/9/2015 5:58 pm,756
7/9/2015 6:07 pm,801
7/9/2015 6:11 pm,802
7/9/2015 6:15 pm,797
7/9/2015 6:15 pm,819
7/9/2015 6:18 pm,844
7/9/2015 6:21 pm,863
7/9/2015 6:31 pm,630
7/9/2015 6:38 pm,972
7/9/2015 6:39 pm,627
7/9/2015 6:51 pm,571
7/9/2015 6:58 pm,525
7/9/2015 7:10 pm,517
7/9/2015 7:16 pm,538
7/9/2015 7:45 pm,593
7/9/2015 7:50 pm,484
7/9/2015 9:36 pm,657
7/9/2015 9:36 pm,501
7/9/2015 9:38 pm,502
7/9/2015 9:39 pm,536
7/9/2015 9:43 pm,496
7/9/2015 9:43 pm,505
7/9/2015 9:45 pm,389
7/9/2015 9:46 pm,486
7/9/2015 9:48 pm,539
7/9/2015 10:59 pm,406
7/9/2015 10:59 pm,393
7/10/2015 2:11 am,380
7/10/2015 2:12 am,606
7/10/2015 2:16 am,393
7/10/2015 2:30 am,471
7/10/2015 2:42 am,377
7/10/2015 6:40 am,520
7/10/2015 7:58 am,586
7/10/2015 8:05 am,1308
7/10/2015 8:12 am,534
7/10/2015 8:13 am,515
7/10/2015 8:45 am,513
7/10/2015 9:03 am,591
7/10/2015 9:06 am,890
7/10/2015 9:18 am,517
7/10/2015 9:34 am,597
7/10/2015 10:05 am,577
7/10/2015 10:06 am,512
7/10/2015 10:26 am,993
7/10/2015 10:26 am,545
7/10/2015 10:41 am,564
7/10/2015 10:47 am,595
7/10/2015 10:57 am,623
7/10/2015 10:58 am,469
7/10/2015 10:59 am,524
7/10/2015 11:02 am,677
7/10/2015 11:02 am,587
7/10/2015 11:17 am,554
7/10/2015 11:19 am,499
7/10/2015 11:20 am,548
7/10/2015 11:20 am,508
7/10/2015 11:24 am,510
7/10/2015 11:25 am,466
7/10/2015 11:35 am,457
7/10/2015 11:35 am,448
7/10/2015 11:50 am,581
7/10/2015 11:55 am,537
7/10/2015 1:24 pm,590
7/10/2015 1:27 pm,593
7/10/2015 1:31 pm,535
7/10/2015 1:33 pm,590
7/10/2015 3:50 pm,742
7/10/2015 3:51 pm,661
7/10/2015 3:55 pm,808
7/10/2015 3:57 pm,755
7/10/2015 3:58 pm,680
7/10/2015 3:59 pm,745
7/10/2015 4:06 pm,696
7/10/2015 4:09 pm,726
7/10/2015 4:23 pm,828
7/10/2015 4:31 pm,804
7/10/2015 4:34 pm,902
7/10/2015 4:35 pm,869
7/10/2015 4:42 pm,880
7/10/2015 6:00 pm,814
7/10/2015 6:01 pm,758
7/10/2015 6:05 pm,880
7/10/2015 6:05 pm,877
7/10/2015 6:12 pm,772
7/10/2015 6:14 pm,711
7/10/2015 6:17 pm,669
7/10/2015 6:17 pm,658
7/10/2015 6:18 pm,675
7/10/2015 6:30 pm,679
7/10/2015 6:34 pm,698
7/10/2015 6:40 pm,718
7/10/2015 6:51 pm,656
7/10/2015 7:01 pm,645
7/10/2015 7:02 pm,567
7/10/2015 7:05 pm,553
7/10/2015 7:07 pm,526
7/10/2015 7:07 pm,520
7/10/2015 7:19 pm,471
7/10/2015 7:21 pm,524
7/10/2015 7:27 pm,538
7/10/2015 7:45 pm,575
7/10/2015 7:49 pm,607
7/10/2015 7:52 pm,1033
7/11/2015 6:47 am,333
7/11/2015 8:14 am,363
7/11/2015 8:37 am,453
7/11/2015 9:56 am,1055
7/11/2015 1:04 pm,512
7/11/2015 1:11 pm,486
7/11/2015 1:15 pm,576
7/11/2015 1:32 pm,544
7/11/2015 3:02 pm,600
7/11/2015 3:05 pm,549
7/11/2015 3:16 pm,574
7/11/2015 3:18 pm,504
7/11/2015 3:21 pm,598
7/11/2015 3:32 pm,560
7/11/2015 3:38 pm,499
7/11/2015 3:50 pm,504
7/11/2015 4:05 pm,1502
7/11/2015 4:15 pm,1263
7/11/2015 4:15 pm,456
7/11/2015 4:16 pm,407
7/11/2015 4:55 pm,543
7/11/2015 5:01 pm,545
7/11/2015 5:02 pm,483
7/11/2015 5:11 pm,518
7/11/2015 5:20 pm,679
7/11/2015 5:21 pm,629
7/11/2015 5:24 pm,562
7/11/2015 5:39 pm,535
7/11/2015 5:39 pm,534
7/11/2015 5:49 pm,674
7/11/2015 6:11 pm,607
7/11/2015 6:26 pm,579
7/11/2015 6:31 pm,581
7/11/2015 6:35 pm,509
7/11/2015 6:51 pm,574
7/11/2015 6:55 pm,626
7/11/2015 6:55 pm,621
7/11/2015 6:58 pm,569
7/11/2015 9:12 pm,534
7/11/2015 9:19 pm,549
7/11/2015 9:23 pm,478
7/11/2015 9:29 pm,503
7/11/2015 9:32 pm,566
7/11/2015 9:56 pm,498
7/11/2015 10:38 pm,507
7/11/2015 11:03 pm,486
7/12/2015 12:14 am,555
7/12/2015 6:20 am,491
7/12/2015 7:01 am,820
7/12/2015 8:08 am,421
7/12/2015 8:36 am,386
7/12/2015 8:43 am,455
7/12/2015 10:02 am,421
7/12/2015 10:04 am,562
7/12/2015 10:14 am,466
7/12/2015 10:19 am,693
7/12/2015 10:30 am,439
7/12/2015 10:32 am,704
7/12/2015 10:44 am,571
7/12/2015 10:47 am,453
7/12/2015 10:49 am,540
7/12/2015 10:54 am,475
7/12/2015 11:13 am,529
7/12/2015 11:14 am,493
7/12/2015 11:22 am,549
7/12/2015 11:24 am,570
7/12/2015 11:36 am,574
7/12/2015 11:39 am,1009
7/12/2015 11:41 am,921
7/12/2015 11:55 am,506
7/12/2015 11:59 am,555
7/12/2015 12:04 pm,533
7/12/2015 12:13 pm,506
7/12/2015 12:14 pm,556
7/12/2015 12:21 pm,582
7/12/2015 12:26 pm,541
7/12/2015 12:30 pm,569
7/12/2015 3:24 pm,587
7/12/2015 3:36 pm,538
7/12/2015 3:41 pm,586
7/12/2015 3:46 pm,587
7/12/2015 6:04 pm,424
7/12/2015 6:10 pm,467
7/12/2015 6:11 pm,813
7/12/2015 6:16 pm,536
7/12/2015 6:32 pm,484
7/12/2015 6:32 pm,455
7/12/2015 6:43 pm,489
7/12/2015 6:56 pm,527
7/12/2015 7:16 pm,517
7/12/2015 7:41 pm,516
7/12/2015 8:58 pm,460
7/12/2015 9:07 pm,1170
7/12/2015 9:33 pm,485
7/12/2015 9:35 pm,461
7/12/2015 9:35 pm,437
7/12/2015 9:50 pm,524
7/13/2015 1:07 am,621
7/13/2015 1:26 am,669
7/13/2015 1:36 am,314
7/13/2015 2:25 am,356
7/13/2015 3:48 am,349
7/13/2015 3:52 am,391
7/13/2015 5:17 am,334
7/13/2015 5:17 am,496
7/13/2015 5:44 am,407
7/13/2015 5:46 am,384
7/13/2015 6:40 am,555
7/13/2015 6:41 am,533
7/13/2015 7:10 am,505
7/13/2015 7:16 am,1331
7/13/2015 7:16 am,511
7/13/2015 7:19 am,468
7/13/2015 7:19 am,466
7/13/2015 8:59 am,575
7/13/2015 9:12 am,926
7/13/2015 9:17 am,1362
7/13/2015 9:17 am,1148
7/13/2015 9:17 am,1378
7/13/2015 9:17 am,563
7/13/2015 9:24 am,515
7/13/2015 9:31 am,577
7/13/2015 9:57 am,465
7/13/2015 11:08 am,492
7/13/2015 11:08 am,949
7/13/2015 11:16 am,576
7/13/2015 11:24 am,552
7/13/2015 11:36 am,488
7/13/2015 11:50 am,546
7/13/2015 12:17 pm,701
7/13/2015 12:20 pm,1076
7/13/2015 12:37 pm,603
7/13/2015 12:37 pm,691
7/13/2015 12:37 pm,594
7/13/2015 12:38 pm,589
7/13/2015 1:53 pm,523
7/13/2015 1:59 pm,595
7/13/2015 1:59 pm,593
7/13/2015 1:59 pm,575
7/13/2015 2:07 pm,508
7/13/2015 2:07 pm,498
7/13/2015 2:11 pm,528
7/13/2015 2:23 pm,627
7/13/2015 2:24 pm,1283
7/13/2015 2:24 pm,588
7/13/2015 2:33 pm,524
7/13/2015 2:34 pm,589
7/13/2015 2:44 pm,541
7/13/2015 2:47 pm,633
7/13/2015 2:48 pm,701
7/13/2015 2:51 pm,738
7/13/2015 2:54 pm,708
7/13/2015 2:59 pm,703
7/13/2015 3:00 pm,30
7/13/2015 3:01 pm,660
7/13/2015 3:02 pm,648
7/13/2015 3:11 pm,739
7/13/2015 3:14 pm,712
7/13/2015 3:15 pm,716
7/13/2015 3:16 pm,839
7/13/2015 3:26 pm,678
7/13/2015 3:28 pm,739
7/13/2015 3:29 pm,764
7/13/2015 3:29 pm,759
7/13/2015 3:29 pm,691
7/13/2015 3:31 pm,746
7/13/2015 3:31 pm,782
7/13/2015 3:32 pm,734
7/13/2015 3:35 pm,684
7/13/2015 3:36 pm,723
7/13/2015 3:40 pm,757
7/13/2015 3:49 pm,787
7/13/2015 5:05 pm,949
7/13/2015 5:09 pm,901
7/13/2015 5:10 pm,905
7/13/2015 5:10 pm,885
7/13/2015 5:11 pm,935
7/13/2015 5:14 pm,928
7/13/2015 5:16 pm,909
7/13/2015 5:19 pm,895
7/13/2015 5:20 pm,955
7/13/2015 5:21 pm,903
7/13/2015 5:26 pm,828
7/13/2015 5:26 pm,827
7/13/2015 5:33 pm,934
7/13/2015 5:34 pm,864
7/13/2015 5:41 pm,720
7/13/2015 5:48 pm,647
7/13/2015 5:50 pm,658
7/13/2015 5:51 pm,793
7/13/2015 5:52 pm,911
7/13/2015 5:52 pm,755
7/13/2015 5:55 pm,661
7/13/2015 5:56 pm,638
7/13/2015 5:56 pm,632
7/13/2015 6:03 pm,612
7/13/2015 6:08 pm,941
7/13/2015 6:08 pm,751
7/13/2015 6:10 pm,747
7/13/2015 6:11 pm,716
7/13/2015 6:12 pm,817
7/13/2015 6:13 pm,772
7/13/2015 6:16 pm,800
7/13/2015 6:16 pm,733
7/13/2015 6:19 pm,896
7/13/2015 6:22 pm,602
7/13/2015 6:23 pm,656
7/13/2015 6:25 pm,577
7/13/2015 6:25 pm,623
7/13/2015 6:26 pm,666
7/13/2015 6:26 pm,697
7/13/2015 6:27 pm,663
7/13/2015 6:32 pm,631
7/13/2015 6:35 pm,583
7/13/2015 6:39 pm,572
7/13/2015 6:40 pm,621
7/13/2015 6:49 pm,431
7/13/2015 6:57 pm,568
7/13/2015 6:58 pm,560
7/13/2015 8:19 pm,502
7/13/2015 8:36 pm,628
7/13/2015 9:05 pm,540
7/13/2015 9:14 pm,434
7/13/2015 9:31 pm,475
7/13/2015 9:41 pm,453
7/13/2015 9:46 pm,447
7/13/2015 9:59 pm,464
7/13/2015 10:41 pm,557
7/13/2015 11:21 pm,424
7/14/2015 2:23 am,409
7/14/2015 2:30 am,473
7/14/2015 3:13 am,245
7/14/2015 7:27 am,569
7/14/2015 7:29 am,558
7/14/2015 7:35 am,558
7/14/2015 7:36 am,543
7/14/2015 7:40 am,534
7/14/2015 7:54 am,545
7/14/2015 8:25 am,596
7/14/2015 8:39 am,1417
7/14/2015 8:39 am,1558
7/14/2015 8:39 am,473
7/14/2015 8:43 am,470
7/14/2015 8:49 am,664
7/14/2015 8:50 am,610
7/14/2015 8:52 am,530
7/14/2015 8:57 am,522
7/14/2015 8:57 am,1548
7/14/2015 8:57 am,516
7/14/2015 9:04 am,507
7/14/2015 9:08 am,625
7/14/2015 9:10 am,527
7/14/2015 9:23 am,495
7/14/2015 9:29 am,525
7/14/2015 9:42 am,566
7/14/2015 10:04 am,456
7/14/2015 10:14 am,594
7/14/2015 10:17 am,585
7/14/2015 10:21 am,521
7/14/2015 10:25 am,467
7/14/2015 10:30 am,604
7/14/2015 10:31 am,600
7/14/2015 10:33 am,467
7/14/2015 10:36 am,507
7/14/2015 10:49 am,553
7/14/2015 10:50 am,554
7/14/2015 10:53 am,605
7/14/2015 11:16 am,534
7/14/2015 11:22 am,588
7/14/2015 11:30 am,774
7/14/2015 11:43 am,547
7/14/2015 11:45 am,496
7/14/2015 11:48 am,581
7/14/2015 11:53 am,703
7/14/2015 11:53 am,632
7/14/2015 11:53 am,629
7/14/2015 11:59 am,484
7/14/2015 12:27 pm,641
7/14/2015 12:28 pm,934
7/14/2015 12:30 pm,547
7/14/2015 12:36 pm,618
7/14/2015 12:41 pm,513
7/14/2015 12:43 pm,439
7/14/2015 12:54 pm,493
7/14/2015 12:55 pm,551
7/14/2015 12:55 pm,534
7/14/2015 1:21 pm,533
7/14/2015 1:23 pm,593
7/14/2015 1:23 pm,559
7/14/2015 1:23 pm,491
7/14/2015 1:24 pm,522
7/14/2015 1:24 pm,504
7/14/2015 1:30 pm,871
7/14/2015 1:39 pm,623
7/14/2015 1:43 pm,579
7/14/2015 1:44 pm,649
7/14/2015 1:59 pm,622
7/14/2015 2:06 pm,1075
7/14/2015 2:08 pm,544
7/14/2015 2:08 pm,513
7/14/2015 2:12 pm,1050
7/14/2015 2:16 pm,1039
7/14/2015 2:19 pm,644
7/14/2015 2:28 pm,520
7/14/2015 2:31 pm,544
7/14/2015 2:32 pm,598
7/14/2015 2:32 pm,596
7/14/2015 2:37 pm,549
7/14/2015 2:38 pm,700
7/14/2015 2:39 pm,654
7/14/2015 2:43 pm,622
7/14/2015 2:46 pm,643
7/14/2015 2:46 pm,666
7/14/2015 2:51 pm,667
7/14/2015 2:54 pm,647
7/14/2015 2:57 pm,573
7/14/2015 2:58 pm,565
7/14/2015 2:59 pm,646
7/14/2015 2:59 pm,550
7/14/2015 3:00 pm,627
7/14/2015 3:01 pm,761
7/14/2015 3:01 pm,657
7/14/2015 3:04 pm,661
7/14/2015 3:11 pm,727
7/14/2015 3:12 pm,845
7/14/2015 3:15 pm,824
7/14/2015 3:18 pm,863
7/14/2015 3:18 pm,883
7/14/2015 3:20 pm,926
7/14/2015 3:21 pm,865
7/14/2015 3:21 pm,839
7/14/2015 3:21 pm,805
7/14/2015 3:25 pm,1118
7/14/2015 3:27 pm,879
7/14/2015 3:29 pm,890
7/14/2015 3:30 pm,826
7/14/2015 3:30 pm,888
7/14/2015 3:32 pm,826
7/14/2015 3:33 pm,765
7/14/2015 3:33 pm,779
7/14/2015 3:34 pm,769
7/14/2015 3:35 pm,824
7/14/2015 3:43 pm,788
7/14/2015 3:43 pm,794
7/14/2015 3:44 pm,849
7/14/2015 3:46 pm,754
7/14/2015 3:46 pm,733
7/14/2015 3:47 pm,800
7/14/2015 3:47 pm,808
7/14/2015 3:49 pm,816
7/14/2015 3:49 pm,804
7/14/2015 3:50 pm,762
7/14/2015 4:05 pm,529
7/14/2015 4:05 pm,521
7/14/2015 4:06 pm,616
7/14/2015 4:06 pm,611
7/14/2015 4:06 pm,611
7/14/2015 4:07 pm,677
7/14/2015 4:09 pm,773
7/14/2015 4:13 pm,754
7/14/2015 4:15 pm,734
7/14/2015 4:15 pm,750
7/14/2015 4:17 pm,693
7/14/2015 4:19 pm,705
7/14/2015 4:23 pm,736
7/14/2015 4:26 pm,765
7/14/2015 4:27 pm,721
7/14/2015 4:28 pm,692
7/14/2015 4:28 pm,761
7/14/2015 4:29 pm,707
7/14/2015 4:37 pm,745
7/14/2015 4:40 pm,712
7/14/2015 4:42 pm,712
7/14/2015 5:57 pm,866
7/14/2015 5:59 pm,867
7/14/2015 6:04 pm,862
7/14/2015 6:05 pm,837
7/14/2015 6:07 pm,802
7/14/2015 6:07 pm,800
7/14/2015 6:07 pm,791
7/14/2015 6:21 pm,838
7/14/2015 6:28 pm,822
7/14/2015 6:28 pm,900
7/14/2015 6:31 pm,877
7/14/2015 6:31 pm,877
7/14/2015 6:32 pm,847
7/14/2015 6:34 pm,933
7/14/2015 6:34 pm,905
7/14/2015 6:46 pm,860
7/14/2015 7:15 pm,585
7/14/2015 7:27 pm,533
7/14/2015 7:27 pm,1276
7/14/2015 7:37 pm,439
7/14/2015 9:00 pm,623
7/14/2015 9:34 pm,526
7/14/2015 9:37 pm,619
7/14/2015 9:55 pm,495
7/14/2015 10:31 pm,438
7/14/2015 10:37 pm,476
7/14/2015 10:44 pm,603
7/14/2015 11:26 pm,422
7/14/2015 11:32 pm,476
7/14/2015 11:39 pm,402
7/15/2015 12:08 am,404
7/15/2015 12:12 am,500
7/15/2015 12:34 am,329
7/15/2015 2:18 am,375
7/15/2015 2:46 am,740
7/15/2015 2:52 am,430
7/15/2015 3:31 am,346
7/15/2015 5:44 am,748
7/15/2015 5:53 am,150
7/15/2015 8:33 am,656
7/15/2015 8:47 am,815
7/15/2015 8:48 am,559
7/15/2015 8:49 am,541
7/15/2015 10:07 am,869
7/15/2015 10:33 am,999
7/15/2015 10:34 am,573
7/15/2015 10:39 am,572
7/15/2015 10:44 am,587
7/15/2015 10:56 am,571
7/15/2015 11:01 am,551
7/15/2015 11:16 am,599
7/15/2015 11:42 am,522
7/15/2015 11:51 am,542
7/15/2015 11:53 am,568
7/15/2015 11:53 am,564
7/15/2015 12:03 pm,576
7/15/2015 12:03 pm,623
7/15/2015 12:17 pm,482
7/15/2015 12:32 pm,1635
7/15/2015 12:41 pm,646
7/15/2015 12:42 pm,608
7/15/2015 12:44 pm,618
7/15/2015 12:45 pm,674
7/15/2015 1:50 pm,587
7/15/2015 1:57 pm,563
7/15/2015 1:58 pm,542
7/15/2015 2:01 pm,516
7/15/2015 2:07 pm,472
7/15/2015 2:29 pm,587
7/15/2015 2:30 pm,1418
7/15/2015 2:31 pm,638
7/15/2015 2:31 pm,637
7/15/2015 2:36 pm,638
7/15/2015 2:39 pm,600
7/15/2015 2:40 pm,721
7/15/2015 2:45 pm,1103
7/15/2015 2:50 pm,554
7/15/2015 2:53 pm,556
7/15/2015 3:03 pm,575
7/15/2015 3:10 pm,743
7/15/2015 3:14 pm,691
7/15/2015 3:16 pm,787
7/15/2015 3:21 pm,967
7/15/2015 3:24 pm,1003
7/15/2015 3:27 pm,981
7/15/2015 3:32 pm,1052
7/15/2015 3:33 pm,974
7/15/2015 3:38 pm,1012
7/15/2015 3:39 pm,946
7/15/2015 3:40 pm,980
7/15/2015 3:43 pm,907
7/15/2015 4:46 pm,911
7/15/2015 4:49 pm,760
7/15/2015 4:51 pm,776
7/15/2015 4:51 pm,987
7/15/2015 4:54 pm,763
7/15/2015 4:54 pm,826
7/15/2015 4:54 pm,811
7/15/2015 4:56 pm,815
7/15/2015 4:58 pm,838
7/15/2015 4:58 pm,836
7/15/2015 5:01 pm,815
7/15/2015 5:04 pm,761
7/15/2015 5:06 pm,814
7/15/2015 5:12 pm,844
7/15/2015 5:15 pm,903
7/15/2015 5:16 pm,867
7/15/2015 5:19 pm,851
7/15/2015 5:19 pm,882
7/15/2015 5:28 pm,897
7/15/2015 5:32 pm,898
7/15/2015 5:37 pm,860
7/15/2015 5:39 pm,780
7/15/2015 5:40 pm,878
7/15/2015 5:45 pm,975
7/15/2015 5:51 pm,784
7/15/2015 5:53 pm,721
7/15/2015 6:02 pm,804
7/15/2015 6:02 pm,797
7/15/2015 6:04 pm,838
7/15/2015 6:05 pm,836
7/15/2015 6:10 pm,853
7/15/2015 6:10 pm,858
7/15/2015 6:21 pm,738
7/15/2015 6:23 pm,719
7/15/2015 6:25 pm,779
7/15/2015 6:26 pm,686
7/15/2015 6:42 pm,669
7/15/2015 6:45 pm,763
7/15/2015 6:54 pm,672
7/15/2015 7:04 pm,572
7/15/2015 7:07 pm,627
7/15/2015 7:24 pm,549
7/15/2015 7:26 pm,530
7/15/2015 7:28 pm,913
7/15/2015 7:35 pm,537
7/15/2015 7:55 pm,569
7/15/2015 9:09 pm,445
7/15/2015 9:14 pm,1212
7/15/2015 9:14 pm,488
7/15/2015 9:15 pm,516
7/15/2015 9:17 pm,837
7/15/2015 9:19 pm,620
7/15/2015 9:20 pm,836
7/15/2015 9:21 pm,530
7/15/2015 9:33 pm,562
7/15/2015 9:40 pm,473
7/15/2015 10:11 pm,846
7/15/2015 10:11 pm,427
7/15/2015 10:30 pm,563
7/15/2015 10:39 pm,518
7/16/2015 12:02 am,470
7/16/2015 12:11 am,464
7/16/2015 12:21 am,346
7/16/2015 12:46 am,381
7/16/2015 2:19 am,423
7/16/2015 4:05 am,1060
7/16/2015 4:05 am,370
7/16/2015 4:26 am,322
7/16/2015 7:05 am,794
7/16/2015 7:15 am,495
7/16/2015 7:19 am,519
7/16/2015 7:47 am,557
7/16/2015 7:51 am,595
7/16/2015 7:51 am,595
7/16/2015 8:08 am,618
7/16/2015 8:18 am,540
7/16/2015 8:23 am,507
7/16/2015 8:33 am,520
7/16/2015 8:52 am,533
7/16/2015 8:58 am,549
7/16/2015 9:00 am,590
7/16/2015 9:08 am,603
7/16/2015 9:14 am,801
7/16/2015 9:14 am,551
7/16/2015 9:17 am,486
7/16/2015 9:19 am,501
7/16/2015 9:43 am,594
7/16/2015 9:48 am,567
7/16/2015 10:00 am,568
7/16/2015 10:07 am,467
7/16/2015 10:10 am,854
7/16/2015 10:18 am,505
7/16/2015 10:23 am,545
7/16/2015 10:34 am,531
7/16/2015 10:38 am,492
7/16/2015 11:01 am,1538
7/16/2015 11:11 am,494
7/16/2015 11:11 am,861
7/16/2015 11:13 am,1269
7/16/2015 11:13 am,1904
7/16/2015 11:13 am,649
7/16/2015 11:18 am,521
7/16/2015 11:19 am,563
7/16/2015 11:20 am,612
7/16/2015 11:24 am,561
7/16/2015 11:24 am,1196
7/16/2015 11:31 am,429
7/16/2015 11:41 am,535
7/16/2015 11:45 am,508
7/16/2015 11:49 am,599
7/16/2015 12:09 pm,608
7/16/2015 12:15 pm,597
7/16/2015 12:18 pm,602
7/16/2015 12:21 pm,626
7/16/2015 12:32 pm,1397
7/16/2015 12:34 pm,848
7/16/2015 12:39 pm,1498
7/16/2015 12:43 pm,782
7/16/2015 12:48 pm,489
7/16/2015 3:05 pm,840
7/16/2015 3:07 pm,894
7/16/2015 3:07 pm,1201
7/16/2015 3:09 pm,851
7/16/2015 3:09 pm,843
7/16/2015 3:17 pm,764
7/16/2015 3:18 pm,792
7/16/2015 3:19 pm,801
7/16/2015 3:20 pm,792
7/16/2015 3:22 pm,814
7/16/2015 3:22 pm,849
7/16/2015 3:22 pm,823
7/16/2015 3:24 pm,882
7/16/2015 3:25 pm,855
7/16/2015 3:26 pm,892
7/16/2015 3:28 pm,912
7/16/2015 3:31 pm,936
7/16/2015 3:33 pm,885
7/16/2015 3:34 pm,851
7/16/2015 3:37 pm,832
7/16/2015 3:42 pm,827
7/16/2015 6:06 pm,917
7/16/2015 6:06 pm,917
7/16/2015 6:08 pm,829
7/16/2015 6:11 pm,871
7/16/2015 6:13 pm,860
7/16/2015 6:13 pm,872
7/16/2015 6:15 pm,840
7/16/2015 6:18 pm,831
7/16/2015 6:22 pm,718
7/16/2015 6:24 pm,710
7/16/2015 6:25 pm,625
7/16/2015 6:27 pm,737
7/16/2015 9:06 pm,482
7/16/2015 9:21 pm,520
7/16/2015 9:27 pm,567
7/16/2015 9:49 pm,518
7/16/2015 11:25 pm,409
7/16/2015 11:25 pm,446
7/16/2015 11:37 pm,539
7/17/2015 2:02 am,368
7/17/2015 2:17 am,395
7/17/2015 4:34 am,353
7/17/2015 6:59 am,460
7/17/2015 7:11 am,490
7/17/2015 7:24 am,522
7/17/2015 7:28 am,545
7/17/2015 7:42 am,399
7/17/2015 8:25 am,523
7/17/2015 8:29 am,555
7/17/2015 8:30 am,491
7/17/2015 8:43 am,552
7/17/2015 8:57 am,538
7/17/2015 9:14 am,468
7/17/2015 9:16 am,495
7/17/2015 9:38 am,469
7/17/2015 9:46 am,542
7/17/2015 9:55 am,1019
7/17/2015 10:02 am,569
7/17/2015 10:06 am,453
7/17/2015 10:07 am,537
7/17/2015 10:20 am,561
7/17/2015 10:28 am,888
7/17/2015 10:33 am,583
7/17/2015 10:35 am,656
7/17/2015 11:56 am,564
7/17/2015 2:00 pm,568
7/17/2015 2:04 pm,638
7/17/2015 2:10 pm,578
7/17/2015 2:15 pm,586
7/17/2015 2:17 pm,643
7/17/2015 2:18 pm,626
7/17/2015 2:20 pm,642
7/17/2015 2:20 pm,644
7/17/2015 2:23 pm,639
7/17/2015 2:32 pm,666
7/17/2015 2:40 pm,665
7/17/2015 2:41 pm,674
7/17/2015 2:42 pm,713
7/17/2015 2:44 pm,693
7/17/2015 2:44 pm,744
7/17/2015 2:48 pm,677
7/17/2015 2:50 pm,720
7/17/2015 2:51 pm,668
7/17/2015 2:54 pm,1027
7/17/2015 2:59 pm,733
7/17/2015 3:01 pm,747
7/17/2015 3:02 pm,691
7/17/2015 3:04 pm,717
7/17/2015 3:04 pm,692
7/17/2015 3:09 pm,916
7/17/2015 3:10 pm,856
7/17/2015 3:13 pm,1554
7/17/2015 3:14 pm,850
7/17/2015 3:15 pm,1419
7/17/2015 3:16 pm,950
7/17/2015 3:17 pm,767
7/17/2015 3:18 pm,891
7/17/2015 3:20 pm,856
7/17/2015 3:23 pm,1047
7/17/2015 3:31 pm,933
7/17/2015 3:32 pm,913
7/17/2015 3:37 pm,914
7/17/2015 3:41 pm,806
7/17/2015 3:44 pm,694
7/17/2015 3:59 pm,783
7/17/2015 4:00 pm,769
7/17/2015 4:00 pm,796
7/17/2015 4:04 pm,803
7/17/2015 4:06 pm,939
7/17/2015 4:07 pm,896
7/17/2015 4:08 pm,801
7/17/2015 4:11 pm,881
7/17/2015 4:19 pm,1245
7/17/2015 4:19 pm,805
7/17/2015 4:26 pm,800
7/17/2015 4:27 pm,773
7/17/2015 4:32 pm,754
7/17/2015 4:34 pm,737
7/17/2015 4:40 pm,807
7/17/2015 4:40 pm,782
7/17/2015 4:42 pm,755
7/17/2015 4:43 pm,837
7/17/2015 4:45 pm,740
7/17/2015 4:45 pm,707
7/17/2015 5:02 pm,850
7/17/2015 5:06 pm,1437
7/17/2015 5:15 pm,907
7/17/2015 5:15 pm,931
7/17/2015 5:15 pm,919
7/17/2015 5:17 pm,834
7/17/2015 5:18 pm,881
7/17/2015 5:21 pm,991
7/17/2015 5:23 pm,933
7/17/2015 5:24 pm,891
7/17/2015 5:35 pm,812
7/17/2015 5:37 pm,768
7/17/2015 5:37 pm,742
7/17/2015 5:39 pm,781
7/17/2015 6:00 pm,710
7/17/2015 6:00 pm,728
7/17/2015 6:06 pm,791
7/17/2015 6:10 pm,712
7/17/2015 6:16 pm,647
7/17/2015 6:19 pm,649
7/17/2015 6:23 pm,620
7/17/2015 6:25 pm,585
7/17/2015 6:25 pm,1137
7/17/2015 6:25 pm,557
7/17/2015 6:26 pm,601
7/17/2015 6:32 pm,502
7/17/2015 6:39 pm,618
7/17/2015 6:44 pm,592
7/17/2015 6:45 pm,536
7/17/2015 6:47 pm,594
7/17/2015 7:01 pm,522
7/17/2015 7:02 pm,620
7/17/2015 7:05 pm,626
7/17/2015 7:06 pm,2104
7/17/2015 7:07 pm,550
7/17/2015 7:11 pm,913
7/17/2015 7:14 pm,1525
7/17/2015 7:15 pm,554
7/17/2015 7:31 pm,511
7/17/2015 7:46 pm,461
7/17/2015 8:18 pm,485
7/17/2015 8:23 pm,492
7/17/2015 8:29 pm,480
7/17/2015 8:38 pm,548
7/17/2015 8:47 pm,502
7/17/2015 9:08 pm,576
7/17/2015 9:10 pm,2500
7/17/2015 9:10 pm,570
7/17/2015 9:16 pm,764
7/17/2015 9:26 pm,633
7/17/2015 9:36 pm,584
7/17/2015 9:36 pm,442
7/17/2015 9:46 pm,499
7/17/2015 10:04 pm,552
7/17/2015 10:05 pm,474
7/17/2015 10:11 pm,510
7/17/2015 10:36 pm,414
7/17/2015 10:41 pm,593
7/17/2015 11:14 pm,1344
7/17/2015 11:38 pm,467
7/18/2015 12:01 am,460
7/18/2015 12:21 am,394
7/18/2015 12:27 am,406
7/18/2015 1:04 am,402
7/18/2015 1:28 am,1700
7/18/2015 1:40 am,349
7/18/2015 2:02 am,2252
7/18/2015 2:02 am,2248
7/18/2015 2:14 am,1373
7/18/2015 2:21 am,695
7/18/2015 4:29 am,1068
7/18/2015 5:05 am,479
7/18/2015 5:48 am,339
7/18/2015 7:28 am,625
7/18/2015 7:34 am,777
7/18/2015 7:42 am,803
7/18/2015 8:02 am,1517
7/18/2015 8:19 am,491
7/18/2015 8:29 am,401
7/18/2015 8:30 am,410
7/18/2015 9:05 am,437
7/18/2015 9:46 am,451
7/18/2015 10:02 am,1085
7/18/2015 10:07 am,518
7/18/2015 10:08 am,498
7/18/2015 10:22 am,906
7/18/2015 10:29 am,1310
7/18/2015 10:29 am,776
7/18/2015 10:37 am,460
7/18/2015 10:38 am,475
7/18/2015 11:00 am,541
7/18/2015 11:02 am,493
7/18/2015 11:21 am,624
7/18/2015 11:21 am,570
7/18/2015 11:21 am,599
7/18/2015 11:33 am,525
7/18/2015 11:39 am,414
7/18/2015 11:41 am,458
7/18/2015 12:02 pm,548
7/18/2015 12:09 pm,2113
7/18/2015 12:09 pm,477
7/18/2015 12:12 pm,620
7/18/2015 12:15 pm,1395
7/18/2015 12:20 pm,636
7/18/2015 12:36 pm,558
7/18/2015 1:03 pm,561
7/18/2015 1:15 pm,491
7/18/2015 1:26 pm,571
7/18/2015 1:29 pm,673
7/18/2015 1:30 pm,660
7/18/2015 1:33 pm,539
7/18/2015 1:40 pm,577
7/18/2015 1:50 pm,548
7/18/2015 1:51 pm,491
7/18/2015 1:59 pm,2173
7/18/2015 2:03 pm,501
7/18/2015 2:07 pm,710
7/18/2015 2:08 pm,571
7/18/2015 2:15 pm,490
7/18/2015 2:24 pm,973
7/18/2015 2:47 pm,472
7/18/2015 3:02 pm,589
7/18/2015 3:03 pm,680
7/18/2015 3:18 pm,604
7/18/2015 3:18 pm,516
7/18/2015 3:47 pm,547
7/18/2015 3:49 pm,413
7/18/2015 4:12 pm,565
7/18/2015 4:48 pm,529
7/18/2015 4:59 pm,512
7/18/2015 5:26 pm,528
7/18/2015 5:33 pm,501
7/18/2015 5:36 pm,820
7/18/2015 5:37 pm,516
7/18/2015 5:40 pm,484
7/18/2015 5:42 pm,576
7/18/2015 5:43 pm,795
7/18/2015 5:46 pm,509
7/18/2015 5:48 pm,512
7/18/2015 6:02 pm,540
7/18/2015 6:22 pm,534
7/18/2015 6:24 pm,546
7/18/2015 6:29 pm,440
7/18/2015 6:31 pm,958
7/18/2015 6:35 pm,445
7/18/2015 6:36 pm,1282
7/18/2015 6:38 pm,587
7/18/2015 6:59 pm,550
7/18/2015 7:02 pm,2054
7/18/2015 7:03 pm,2051
7/18/2015 7:12 pm,462
7/18/2015 7:14 pm,545
7/18/2015 7:16 pm,494
7/18/2015 7:16 pm,494
7/18/2015 7:21 pm,527
7/18/2015 7:25 pm,452
7/18/2015 7:37 pm,506
7/18/2015 8:12 pm,435
7/18/2015 8:15 pm,482
7/18/2015 8:30 pm,442
7/18/2015 9:05 pm,478
7/18/2015 9:06 pm,509
7/18/2015 9:06 pm,568
7/18/2015 9:20 pm,577
7/18/2015 9:22 pm,494
7/18/2015 9:38 pm,646
7/18/2015 10:00 pm,518
7/18/2015 10:11 pm,562
7/18/2015 10:40 pm,489
7/18/2015 10:50 pm,413
7/18/2015 11:15 pm,460
7/18/2015 11:30 pm,417
7/18/2015 11:50 pm,441
7/19/2015 12:00 am,515
7/19/2015 12:04 am,483
7/19/2015 12:17 am,416
7/19/2015 12:21 am,376
7/19/2015 12:53 am,255
7/19/2015 12:53 am,253
7/19/2015 1:12 am,434
7/19/2015 1:22 am,404
7/19/2015 1:39 am,772
7/19/2015 1:39 am,771
7/19/2015 1:45 am,395
7/19/2015 2:17 am,1762
7/19/2015 2:30 am,419
7/19/2015 2:30 am,1514
7/19/2015 2:39 am,474
7/19/2015 5:01 am,786
7/19/2015 6:46 am,384
7/19/2015 7:01 am,536
7/19/2015 7:39 am,833
7/19/2015 7:50 am,517
7/19/2015 8:36 am,523
7/19/2015 9:07 am,417
7/19/2015 9:08 am,1023
7/19/2015 9:16 am,1120
7/19/2015 9:17 am,509
7/19/2015 9:27 am,479
7/19/2015 9:40 am,483
7/19/2015 10:22 am,440
7/19/2015 10:25 am,1406
7/19/2015 11:08 am,560
7/19/2015 11:17 am,520
7/19/2015 11:39 am,494
7/19/2015 12:03 pm,539
7/19/2015 12:06 pm,512
7/19/2015 12:16 pm,536
7/19/2015 12:17 pm,549
7/19/2015 12:25 pm,496
7/19/2015 12:34 pm,514
7/19/2015 12:39 pm,506
7/19/2015 12:44 pm,550
7/19/2015 1:00 pm,985
7/19/2015 1:03 pm,500
7/19/2015 1:11 pm,609
7/19/2015 1:20 pm,527
7/19/2015 1:30 pm,524
7/19/2015 1:41 pm,489
7/19/2015 1:51 pm,463
7/19/2015 2:09 pm,456
7/19/2015 2:11 pm,523
7/19/2015 2:21 pm,486
7/19/2015 2:28 pm,476
7/19/2015 2:30 pm,706
7/19/2015 2:46 pm,581
7/19/2015 3:03 pm,534
7/19/2015 3:13 pm,2356
7/19/2015 3:14 pm,561
7/19/2015 3:15 pm,617
7/19/2015 3:28 pm,1485
7/19/2015 3:32 pm,491
7/19/2015 3:38 pm,844
7/19/2015 4:07 pm,499
7/19/2015 4:09 pm,568
7/19/2015 4:09 pm,535
7/19/2015 4:14 pm,1186
7/19/2015 4:15 pm,524
7/19/2015 4:18 pm,485
7/19/2015 4:27 pm,1248
7/19/2015 4:33 pm,579
7/19/2015 4:36 pm,491
7/19/2015 4:37 pm,489
7/19/2015 4:39 pm,732
7/19/2015 4:47 pm,482
7/19/2015 4:49 pm,515
7/19/2015 5:14 pm,449
7/19/2015 5:20 pm,541
7/19/2015 5:48 pm,550
7/19/2015 5:59 pm,946
7/19/2015 7:12 pm,455
7/19/2015 7:13 pm,473
7/19/2015 7:30 pm,636
7/19/2015 7:44 pm,532
7/19/2015 9:04 pm,475
7/19/2015 9:13 pm,540
7/19/2015 9:34 pm,712
7/19/2015 9:40 pm,501
7/19/2015 9:47 pm,489
7/19/2015 11:18 pm,527
7/19/2015 11:52 pm,452
7/20/2015 12:15 am,428
7/20/2015 12:17 am,400
7/20/2015 1:49 am,446
7/20/2015 2:37 am,416
7/20/2015 3:32 am,296
7/20/2015 4:49 am,380
7/20/2015 5:41 am,361
7/20/2015 5:42 am,702
7/20/2015 6:03 am,819
7/20/2015 6:05 am,383
7/20/2015 6:13 am,303
7/20/2015 6:42 am,474
7/20/2015 7:10 am,468
7/20/2015 7:21 am,440
7/20/2015 7:30 am,566
7/20/2015 7:33 am,448
7/20/2015 7:35 am,467
7/20/2015 7:49 am,504
7/20/2015 8:01 am,528
7/20/2015 8:15 am,594
7/20/2015 8:41 am,530
7/20/2015 9:14 am,537
7/20/2015 9:27 am,543
7/20/2015 9:30 am,462
7/20/2015 9:46 am,591
7/20/2015 10:02 am,1768
7/20/2015 10:03 am,578
7/20/2015 10:30 am,832
7/20/2015 10:37 am,929
7/20/2015 10:49 am,574
7/20/2015 10:49 am,573
7/20/2015 10:51 am,483
7/20/2015 11:02 am,613
7/20/2015 11:04 am,534
7/20/2015 11:05 am,513
7/20/2015 11:07 am,560
7/20/2015 11:12 am,519
7/20/2015 11:16 am,588
7/20/2015 11:24 am,533
7/20/2015 11:32 am,1646
7/20/2015 11:35 am,495
7/20/2015 11:38 am,583
7/20/2015 11:42 am,496
7/20/2015 11:48 am,567
7/20/2015 11:48 am,567
7/20/2015 11:51 am,529
7/20/2015 12:00 pm,2112
7/20/2015 12:02 pm,1564
7/20/2015 12:11 pm,672
7/20/2015 12:16 pm,2201
7/20/2015 12:23 pm,636
7/20/2015 12:43 pm,941
7/20/2015 12:44 pm,518
7/20/2015 1:03 pm,819
7/20/2015 1:09 pm,543
7/20/2015 1:09 pm,1047
7/20/2015 1:15 pm,561
7/20/2015 1:27 pm,618
7/20/2015 1:46 pm,547
7/20/2015 2:03 pm,1398
7/20/2015 2:18 pm,536
7/20/2015 2:20 pm,2190
7/20/2015 2:23 pm,487
7/20/2015 2:27 pm,619
7/20/2015 2:32 pm,576
7/20/2015 2:38 pm,620
7/20/2015 2:38 pm,621
7/20/2015 2:38 pm,631
7/20/2015 2:42 pm,465
7/20/2015 2:45 pm,631
7/20/2015 2:47 pm,549
7/20/2015 2:48 pm,599
7/20/2015 2:50 pm,559
7/20/2015 2:50 pm,555
7/20/2015 2:50 pm,555
7/20/2015 3:03 pm,1607
7/20/2015 3:03 pm,538
7/20/2015 3:05 pm,646
7/20/2015 3:12 pm,544
7/20/2015 3:15 pm,620
7/20/2015 3:18 pm,605
7/20/2015 3:19 pm,713
7/20/2015 3:22 pm,711
7/20/2015 3:25 pm,721
7/20/2015 3:27 pm,1467
7/20/2015 3:27 pm,802
7/20/2015 3:29 pm,748
7/20/2015 3:32 pm,747
7/20/2015 3:33 pm,820
7/20/2015 3:33 pm,825
7/20/2015 3:34 pm,949
7/20/2015 3:35 pm,852
7/20/2015 3:35 pm,843
7/20/2015 3:38 pm,938
7/20/2015 3:42 pm,794
7/20/2015 3:42 pm,772
7/20/2015 3:44 pm,769
7/20/2015 3:46 pm,805
7/20/2015 4:00 pm,768
7/20/2015 4:06 pm,824
7/20/2015 4:06 pm,868
7/20/2015 4:06 pm,891
7/20/2015 4:07 pm,1415
7/20/2015 4:12 pm,1077
7/20/2015 4:13 pm,961
7/20/2015 4:14 pm,1224
7/20/2015 4:19 pm,880
7/20/2015 4:22 pm,929
7/20/2015 4:22 pm,909
7/20/2015 4:22 pm,916
7/20/2015 4:23 pm,944
7/20/2015 4:23 pm,927
7/20/2015 4:25 pm,884
7/20/2015 4:27 pm,854
7/20/2015 4:32 pm,757
7/20/2015 4:35 pm,733
7/20/2015 4:36 pm,761
7/20/2015 4:43 pm,802
7/20/2015 5:00 pm,769
7/20/2015 5:04 pm,809
7/20/2015 5:04 pm,732
7/20/2015 5:05 pm,816
7/20/2015 5:05 pm,811
7/20/2015 5:05 pm,750
7/20/2015 5:05 pm,767
7/20/2015 5:07 pm,1034
7/20/2015 5:09 pm,738
7/20/2015 5:13 pm,721
7/20/2015 5:18 pm,609
7/20/2015 5:19 pm,691
7/20/2015 5:23 pm,695
7/20/2015 5:27 pm,609
7/20/2015 5:30 pm,653
7/20/2015 5:35 pm,742
7/20/2015 5:38 pm,622
7/20/2015 5:42 pm,706
7/20/2015 5:46 pm,720
7/20/2015 5:47 pm,686
7/20/2015 6:04 pm,727
7/20/2015 6:05 pm,694
7/20/2015 6:07 pm,708
7/20/2015 6:09 pm,681
7/20/2015 6:12 pm,805
7/20/2015 6:14 pm,815
7/20/2015 6:17 pm,698
7/20/2015 6:17 pm,1857
7/20/2015 6:20 pm,622
7/20/2015 6:26 pm,553
7/20/2015 6:29 pm,551
7/20/2015 6:36 pm,627
7/20/2015 6:46 pm,510
7/20/2015 7:08 pm,575
7/20/2015 7:22 pm,1017
7/20/2015 7:25 pm,704
7/20/2015 8:17 pm,2298
7/20/2015 9:17 pm,458
7/20/2015 9:18 pm,567
7/20/2015 10:00 pm,1968
7/20/2015 10:01 pm,513
7/20/2015 10:19 pm,934
7/20/2015 10:25 pm,447
7/20/2015 10:25 pm,424
7/20/2015 10:45 pm,454
7/20/2015 10:48 pm,425
7/20/2015 11:08 pm,644
7/21/2015 12:10 am,477
7/21/2015 12:12 am,452
7/21/2015 12:14 am,350
7/21/2015 2:30 am,1703
7/21/2015 3:30 am,395
7/21/2015 6:05 am,343
7/21/2015 6:30 am,511
7/21/2015 7:20 am,434
7/21/2015 7:46 am,387
7/21/2015 8:23 am,591
7/21/2015 8:28 am,542
7/21/2015 8:40 am,530
7/21/2015 9:11 am,2438
7/21/2015 9:11 am,533
7/21/2015 9:35 am,727
7/21/2015 9:40 am,523
7/21/2015 9:41 am,510
7/21/2015 10:06 am,1674
7/21/2015 10:06 am,602
7/21/2015 10:08 am,560
7/21/2015 10:20 am,523
7/21/2015 10:38 am,522
7/21/2015 10:40 am,527
7/21/2015 10:45 am,611
7/21/2015 11:05 am,609
7/21/2015 11:10 am,2290
7/21/2015 11:15 am,1825
7/21/2015 12:03 pm,544
7/21/2015 12:11 pm,942
7/21/2015 12:13 pm,1112
7/21/2015 12:17 pm,534
7/21/2015 12:19 pm,651
7/21/2015 12:26 pm,598
7/21/2015 12:35 pm,577
7/21/2015 12:47 pm,581
7/21/2015 12:48 pm,608
7/21/2015 1:02 pm,2002
7/21/2015 1:03 pm,480
7/21/2015 1:04 pm,621
7/21/2015 1:16 pm,566
7/21/2015 1:25 pm,507
7/21/2015 1:28 pm,676
7/21/2015 1:30 pm,569
7/21/2015 1:33 pm,531
7/21/2015 1:36 pm,567
7/21/2015 1:36 pm,562
7/21/2015 1:43 pm,536
7/21/2015 2:01 pm,461
7/21/2015 2:02 pm,551
7/21/2015 2:02 pm,544
7/21/2015 2:02 pm,522
7/21/2015 2:02 pm,622
7/21/2015 2:03 pm,616
7/21/2015 2:05 pm,609
7/21/2015 2:09 pm,794
7/21/2015 2:23 pm,542
7/21/2015 2:23 pm,1453
7/21/2015 2:26 pm,585
7/21/2015 2:27 pm,630
7/21/2015 2:30 pm,669
7/21/2015 2:30 pm,584
7/21/2015 2:30 pm,654
7/21/2015 2:47 pm,648
7/21/2015 2:49 pm,592
7/21/2015 3:00 pm,619
7/21/2015 3:10 pm,1563
7/21/2015 3:18 pm,801
7/21/2015 3:24 pm,834
7/21/2015 3:26 pm,839
7/21/2015 3:27 pm,768
7/21/2015 3:29 pm,898
7/21/2015 3:30 pm,820
7/21/2015 3:31 pm,834
7/21/2015 3:31 pm,818
7/21/2015 3:32 pm,933
7/21/2015 3:32 pm,932
7/21/2015 3:36 pm,841
7/21/2015 3:38 pm,723
7/21/2015 3:39 pm,887
7/21/2015 3:40 pm,885
7/21/2015 3:46 pm,801
7/21/2015 4:03 pm,1071
7/21/2015 4:03 pm,844
7/21/2015 4:06 pm,850
7/21/2015 4:07 pm,782
7/21/2015 4:10 pm,893
7/21/2015 4:13 pm,782
7/21/2015 4:15 pm,668
7/21/2015 4:16 pm,726
7/21/2015 4:17 pm,758
7/21/2015 4:20 pm,745
7/21/2015 4:20 pm,742
7/21/2015 4:28 pm,874
7/21/2015 4:31 pm,838
7/21/2015 4:32 pm,867
7/21/2015 4:36 pm,850
7/21/2015 4:46 pm,754
7/21/2015 5:02 pm,834
7/21/2015 5:05 pm,828
7/21/2015 5:10 pm,718
7/21/2015 5:11 pm,817
7/21/2015 5:11 pm,1441
7/21/2015 5:13 pm,833
7/21/2015 5:36 pm,805
7/21/2015 5:37 pm,694
7/21/2015 5:43 pm,579
7/21/2015 5:44 pm,628
7/21/2015 5:45 pm,630
7/21/2015 6:00 pm,724
7/21/2015 6:03 pm,1041
7/21/2015 6:05 pm,729
7/21/2015 6:08 pm,752
7/21/2015 6:11 pm,693
7/21/2015 6:12 pm,1022
7/21/2015 6:13 pm,1095
7/21/2015 6:16 pm,936
7/21/2015 6:19 pm,586
7/21/2015 6:20 pm,648
7/21/2015 6:21 pm,564
7/21/2015 6:36 pm,593
7/21/2015 6:43 pm,577
7/21/2015 6:43 pm,539
7/21/2015 7:04 pm,521
7/21/2015 7:04 pm,1261
7/21/2015 7:15 pm,578
7/21/2015 7:15 pm,576
7/21/2015 7:26 pm,482
7/21/2015 8:19 pm,2108
7/21/2015 8:33 pm,495
7/21/2015 8:42 pm,826
7/21/2015 9:06 pm,505
7/21/2015 9:17 pm,528
7/21/2015 9:17 pm,423
7/21/2015 9:32 pm,446
7/21/2015 9:35 pm,512
7/21/2015 10:11 pm,415
7/21/2015 10:29 pm,989
7/21/2015 11:25 pm,405
7/22/2015 12:59 am,569
7/22/2015 1:28 am,687
7/22/2015 1:28 am,376
7/22/2015 1:39 am,802
7/22/2015 2:12 am,411
7/22/2015 5:08 am,368
7/22/2015 5:16 am,2518
7/22/2015 5:29 am,410
7/22/2015 5:29 am,409
7/22/2015 5:33 am,396
7/22/2015 5:36 am,660
7/22/2015 5:43 am,695
7/22/2015 5:48 am,592
7/22/2015 6:08 am,1045
7/22/2015 6:19 am,485
7/22/2015 6:50 am,449
7/22/2015 7:16 am,580
7/22/2015 7:22 am,419
7/22/2015 7:44 am,516
7/22/2015 7:46 am,512
7/22/2015 8:43 am,478
7/22/2015 8:45 am,577
7/22/2015 8:47 am,617
7/22/2015 9:01 am,461
7/22/2015 9:07 am,997
7/22/2015 9:11 am,499
7/22/2015 9:12 am,1824
7/22/2015 9:13 am,548
7/22/2015 9:29 am,508
7/22/2015 9:33 am,516
7/22/2015 9:34 am,581
7/22/2015 9:38 am,558
7/22/2015 9:41 am,805
7/22/2015 9:41 am,836
7/22/2015 10:04 am,559
7/22/2015 10:06 am,500
7/22/2015 10:11 am,543
7/22/2015 10:13 am,827
7/22/2015 10:20 am,609
7/22/2015 10:22 am,499
7/22/2015 10:25 am,1081
7/22/2015 10:31 am,436
7/22/2015 10:36 am,1183
7/22/2015 10:36 am,505
7/22/2015 10:37 am,553
7/22/2015 10:49 am,417
7/22/2015 11:00 am,572
7/22/2015 11:07 am,476
7/22/2015 11:08 am,2137
7/22/2015 11:13 am,1741
7/22/2015 11:28 am,631
7/22/2015 11:32 am,486
7/22/2015 11:33 am,497
7/22/2015 11:41 am,725
7/22/2015 12:13 pm,564
7/22/2015 12:24 pm,1028
7/22/2015 12:28 pm,579
7/22/2015 12:44 pm,393
7/22/2015 12:50 pm,567
7/22/2015 12:50 pm,549
7/22/2015 12:50 pm,548
7/22/2015 1:01 pm,555
7/22/2015 1:19 pm,540
7/22/2015 1:31 pm,1114
7/22/2015 1:31 pm,1570
7/22/2015 1:31 pm,1445
7/22/2015 1:31 pm,1326
7/22/2015 1:31 pm,1221
7/22/2015 1:31 pm,897
7/22/2015 1:31 pm,705
7/22/2015 1:31 pm,620
7/22/2015 1:34 pm,547
7/22/2015 1:45 pm,522
7/22/2015 2:04 pm,514
7/22/2015 2:08 pm,1084
7/22/2015 2:08 pm,689
7/22/2015 2:09 pm,2150
7/22/2015 2:09 pm,644
7/22/2015 2:17 pm,577
7/22/2015 2:22 pm,510
7/22/2015 2:23 pm,554
7/22/2015 2:24 pm,598
7/22/2015 2:37 pm,606
7/22/2015 2:42 pm,606
7/22/2015 2:48 pm,563
7/22/2015 3:08 pm,615
7/22/2015 3:08 pm,763
7/22/2015 3:22 pm,599
7/22/2015 3:22 pm,657
7/22/2015 3:25 pm,671
7/22/2015 3:32 pm,781
7/22/2015 3:40 pm,781
7/22/2015 3:42 pm,728
7/22/2015 3:46 pm,744
7/22/2015 3:46 pm,731
7/22/2015 3:47 pm,673
7/22/2015 3:47 pm,668
7/22/2015 3:59 pm,756
7/22/2015 3:59 pm,752
7/22/2015 3:59 pm,687
7/22/2015 4:00 pm,743
7/22/2015 4:00 pm,1882
7/22/2015 4:01 pm,665
7/22/2015 4:04 pm,779
7/22/2015 4:10 pm,823
7/22/2015 4:10 pm,1174
7/22/2015 4:11 pm,857
7/22/2015 4:17 pm,955
7/22/2015 4:19 pm,775
7/22/2015 4:21 pm,833
7/22/2015 4:22 pm,913
7/22/2015 4:23 pm,925
7/22/2015 4:23 pm,924
7/22/2015 4:31 pm,938
7/22/2015 4:37 pm,889
7/22/2015 4:38 pm,927
7/22/2015 4:41 pm,979
7/22/2015 5:03 pm,963
7/22/2015 5:05 pm,999
7/22/2015 5:07 pm,1012
7/22/2015 5:09 pm,926
7/22/2015 5:10 pm,926
7/22/2015 5:11 pm,1049
7/22/2015 5:13 pm,952
7/22/2015 5:19 pm,929
7/22/2015 5:19 pm,927
7/22/2015 5:19 pm,927
7/22/2015 5:30 pm,939
7/22/2015 5:36 pm,790
7/22/2015 5:40 pm,816
7/22/2015 6:00 pm,772
7/22/2015 6:09 pm,629
7/22/2015 6:12 pm,801
7/22/2015 6:20 pm,721
7/22/2015 6:21 pm,860
7/22/2015 6:29 pm,629
7/22/2015 6:30 pm,647
7/22/2015 6:32 pm,728
7/22/2015 6:40 pm,621
7/22/2015 6:41 pm,632
7/22/2015 6:45 pm,637
7/22/2015 7:01 pm,1546
7/22/2015 7:03 pm,597
7/22/2015 7:05 pm,560
7/22/2015 7:11 pm,430
7/22/2015 7:23 pm,1564
7/22/2015 7:23 pm,615
7/22/2015 7:35 pm,516
7/22/2015 7:43 pm,568
7/22/2015 8:09 pm,1942
7/22/2015 8:09 pm,500
7/22/2015 8:14 pm,609
7/22/2015 8:26 pm,467
7/22/2015 8:34 pm,499
7/22/2015 8:34 pm,494
7/22/2015 9:01 pm,586
7/22/2015 9:02 pm,544
7/22/2015 9:23 pm,555
7/22/2015 9:31 pm,578
7/22/2015 9:41 pm,477
7/22/2015 9:47 pm,570
7/22/2015 9:48 pm,608
7/22/2015 10:24 pm,468
7/22/2015 11:07 pm,494
7/22/2015 11:09 pm,533
7/22/2015 11:19 pm,400
7/22/2015 11:24 pm,489
7/23/2015 12:01 am,457
7/23/2015 12:10 am,378
7/23/2015 12:20 am,1168
7/23/2015 12:47 am,692
7/23/2015 2:01 am,1427
7/23/2015 3:29 am,400
7/23/2015 4:08 am,321
7/23/2015 4:21 am,1371
7/23/2015 5:09 am,449
7/23/2015 5:42 am,723
7/23/2015 6:08 am,1126
7/23/2015 6:35 am,533
7/23/2015 6:38 am,744
7/23/2015 7:00 am,538
7/23/2015 7:05 am,515
7/23/2015 7:35 am,1138
7/23/2015 8:09 am,628
7/23/2015 8:10 am,520
7/23/2015 8:13 am,501
7/23/2015 8:20 am,512
7/23/2015 8:24 am,572
7/23/2015 9:06 am,541
7/23/2015 9:08 am,547
7/23/2015 9:23 am,499
7/23/2015 9:25 am,1004
7/23/2015 9:28 am,595
7/23/2015 9:32 am,569
7/23/2015 9:39 am,493
7/23/2015 9:46 am,553
7/23/2015 10:07 am,1540
7/23/2015 11:00 am,635
7/23/2015 11:01 am,2428
7/23/2015 11:03 am,465
7/23/2015 11:06 am,445
7/23/2015 11:08 am,393
7/23/2015 11:20 am,522
7/23/2015 11:25 am,521
7/23/2015 11:29 am,1340
7/23/2015 11:37 am,538
7/23/2015 11:59 am,645
7/23/2015 12:00 pm,2011
7/23/2015 12:02 pm,548
7/23/2015 12:02 pm,555
7/23/2015 12:09 pm,2344
7/23/2015 12:18 pm,537
7/23/2015 12:21 pm,518
7/23/2015 12:36 pm,589
7/23/2015 12:50 pm,534
7/23/2015 1:01 pm,734
7/23/2015 1:02 pm,2398
7/23/2015 1:15 pm,1166
7/23/2015 1:19 pm,557
7/23/2015 1:23 pm,598
7/23/2015 1:32 pm,594
7/23/2015 2:00 pm,623
7/23/2015 2:00 pm,631
7/23/2015 2:00 pm,634
7/23/2015 2:03 pm,926
7/23/2015 2:06 pm,574
7/23/2015 2:08 pm,544
7/23/2015 2:27 pm,592
7/23/2015 2:29 pm,664
7/23/2015 2:31 pm,1651
7/23/2015 2:36 pm,565
7/23/2015 2:38 pm,571
7/23/2015 2:41 pm,985
7/23/2015 2:44 pm,624
7/23/2015 2:45 pm,609
7/23/2015 2:46 pm,530
7/23/2015 2:48 pm,687
7/23/2015 2:48 pm,672
7/23/2015 2:59 pm,712
7/23/2015 3:03 pm,751
7/23/2015 3:04 pm,1188
7/23/2015 3:04 pm,702
7/23/2015 3:07 pm,2384
7/23/2015 3:07 pm,1928
7/23/2015 3:09 pm,800
7/23/2015 3:09 pm,757
7/23/2015 3:11 pm,1103
7/23/2015 3:12 pm,654
7/23/2015 3:12 pm,741
7/23/2015 3:13 pm,683
7/23/2015 3:15 pm,740
7/23/2015 3:18 pm,648
7/23/2015 3:18 pm,704
7/23/2015 3:21 pm,714
7/23/2015 3:24 pm,751
7/23/2015 3:25 pm,698
7/23/2015 3:29 pm,773
7/23/2015 3:30 pm,725
7/23/2015 3:43 pm,688
7/23/2015 3:46 pm,794
7/23/2015 3:47 pm,747
7/23/2015 4:04 pm,2140
7/23/2015 4:04 pm,845
7/23/2015 4:04 pm,814
7/23/2015 4:07 pm,2054
7/23/2015 4:08 pm,876
7/23/2015 4:10 pm,844
7/23/2015 4:11 pm,846
7/23/2015 4:12 pm,2023
7/23/2015 4:18 pm,841
7/23/2015 4:19 pm,821
7/23/2015 4:21 pm,844
7/23/2015 4:22 pm,871
7/23/2015 4:23 pm,1161
7/23/2015 4:23 pm,891
7/23/2015 4:25 pm,878
7/23/2015 4:27 pm,855
7/23/2015 4:30 pm,848
7/23/2015 4:32 pm,759
7/23/2015 4:40 pm,868
7/23/2015 4:41 pm,917
7/23/2015 4:42 pm,929
7/23/2015 4:44 pm,902
7/23/2015 5:00 pm,1001
7/23/2015 5:04 pm,935
7/23/2015 5:04 pm,2551
7/23/2015 5:04 pm,2548
7/23/2015 5:04 pm,932
7/23/2015 5:07 pm,1128
7/23/2015 5:09 pm,855
7/23/2015 5:09 pm,922
7/23/2015 5:15 pm,874
7/23/2015 5:18 pm,898
7/23/2015 5:18 pm,929
7/23/2015 5:18 pm,924
7/23/2015 5:19 pm,868
7/23/2015 5:21 pm,1001
7/23/2015 5:21 pm,998
7/23/2015 5:21 pm,1024
7/23/2015 5:22 pm,1063
7/23/2015 5:30 pm,871
7/23/2015 5:34 pm,925
7/23/2015 5:36 pm,912
7/23/2015 5:39 pm,1102
7/23/2015 5:41 pm,823
7/23/2015 5:41 pm,824
7/23/2015 5:45 pm,708
7/23/2015 5:46 pm,679
7/23/2015 5:47 pm,778
7/23/2015 6:04 pm,743
7/23/2015 6:06 pm,978
7/23/2015 6:10 pm,726
7/23/2015 6:11 pm,644
7/23/2015 6:13 pm,702
7/23/2015 6:16 pm,790
7/23/2015 6:17 pm,685
7/23/2015 6:23 pm,770
7/23/2015 6:24 pm,838
7/23/2015 6:26 pm,832
7/23/2015 6:28 pm,767
7/23/2015 6:29 pm,793
7/23/2015 6:33 pm,734
7/23/2015 6:33 pm,729
7/23/2015 6:36 pm,697
7/23/2015 6:36 pm,690
7/23/2015 6:41 pm,692
7/23/2015 7:06 pm,541
7/23/2015 7:12 pm,531
7/23/2015 7:16 pm,664
7/23/2015 7:18 pm,627
7/23/2015 7:40 pm,537
7/23/2015 7:41 pm,542
7/23/2015 7:41 pm,546
7/23/2015 7:44 pm,538
7/23/2015 7:49 pm,524
7/23/2015 8:00 pm,541
7/23/2015 8:02 pm,539
7/23/2015 8:02 pm,546
7/23/2015 8:08 pm,523
7/23/2015 8:36 pm,462
7/23/2015 9:00 pm,1443
7/23/2015 9:02 pm,488
7/23/2015 9:09 pm,1154
7/23/2015 9:14 pm,563
7/23/2015 9:15 pm,551
7/23/2015 9:18 pm,2411
7/23/2015 9:26 pm,472
7/23/2015 9:32 pm,442
7/23/2015 9:35 pm,582
7/23/2015 10:40 pm,457
7/23/2015 11:14 pm,453
7/24/2015 12:06 am,587
7/24/2015 1:59 am,430
7/24/2015 4:21 am,586
7/24/2015 5:42 am,609
7/24/2015 6:05 am,2067
7/24/2015 6:35 am,551
7/24/2015 6:52 am,80
7/24/2015 7:15 am,1546
7/24/2015 7:17 am,426
7/24/2015 7:29 am,577
7/24/2015 7:32 am,502
7/24/2015 7:46 am,434
7/24/2015 8:03 am,822
7/24/2015 8:17 am,991
7/24/2015 8:25 am,452
7/24/2015 8:25 am,512
7/24/2015 8:27 am,862
7/24/2015 8:30 am,609
7/24/2015 8:34 am,978
7/24/2015 8:34 am,557
7/24/2015 8:42 am,933
7/24/2015 8:59 am,1182
7/24/2015 8:59 am,558
7/24/2015 9:01 am,2098
7/24/2015 9:19 am,444
7/24/2015 9:20 am,518
7/24/2015 9:22 am,538
7/24/2015 9:28 am,458
7/24/2015 9:28 am,461
7/24/2015 9:31 am,518
7/24/2015 9:32 am,1251
7/24/2015 9:42 am,522
7/24/2015 9:43 am,495
7/24/2015 10:05 am,578
7/24/2015 10:13 am,498
7/24/2015 10:18 am,488
7/24/2015 10:18 am,2057
7/24/2015 10:20 am,2311
7/24/2015 10:20 am,501
7/24/2015 10:24 am,933
7/24/2015 10:27 am,1919
7/24/2015 10:27 am,550
7/24/2015 10:30 am,588
7/24/2015 10:34 am,558
7/24/2015 11:12 am,486
7/24/2015 11:18 am,629
7/24/2015 11:18 am,828
7/24/2015 11:20 am,1865
7/24/2015 11:21 am,520
7/24/2015 11:31 am,1203
7/24/2015 11:32 am,570
7/24/2015 11:38 am,549
7/24/2015 11:48 am,578
7/24/2015 12:02 pm,715
7/24/2015 12:05 pm,583
7/24/2015 12:05 pm,720
7/24/2015 12:07 pm,629
7/24/2015 12:08 pm,636
7/24/2015 12:11 pm,588
7/24/2015 12:14 pm,580
7/24/2015 12:18 pm,486
7/24/2015 12:20 pm,587
7/24/2015 12:22 pm,616
7/24/2015 12:24 pm,617
7/24/2015 1:00 pm,659
7/24/2015 1:08 pm,574
7/24/2015 1:14 pm,976
7/24/2015 1:14 pm,612
7/24/2015 1:15 pm,1310
7/24/2015 1:20 pm,1363
7/24/2015 1:21 pm,578
7/24/2015 1:23 pm,556
7/24/2015 1:26 pm,997
7/24/2015 1:26 pm,1450
7/24/2015 1:38 pm,573
7/24/2015 1:40 pm,608
7/24/2015 2:01 pm,849
7/24/2015 2:01 pm,636
7/24/2015 2:02 pm,950
7/24/2015 2:06 pm,601
7/24/2015 2:08 pm,711
7/24/2015 2:10 pm,573
7/24/2015 2:11 pm,664
7/24/2015 2:11 pm,650
7/24/2015 2:11 pm,680
7/24/2015 2:14 pm,706
7/24/2015 2:18 pm,743
7/24/2015 2:23 pm,700
7/24/2015 2:27 pm,667
7/24/2015 2:32 pm,562
7/24/2015 2:33 pm,663
7/24/2015 2:33 pm,617
7/24/2015 2:37 pm,675
7/24/2015 2:38 pm,680
7/24/2015 2:45 pm,701
7/24/2015 2:46 pm,738
7/24/2015 3:00 pm,1465
7/24/2015 3:05 pm,839
7/24/2015 3:09 pm,769
7/24/2015 3:11 pm,885
7/24/2015 3:14 pm,704
7/24/2015 3:21 pm,749
7/24/2015 3:29 pm,980
7/24/2015 3:29 pm,902
7/24/2015 3:38 pm,784
7/24/2015 3:39 pm,797
7/24/2015 3:44 pm,674
7/24/2015 3:44 pm,800
7/24/2015 4:00 pm,774
7/24/2015 4:02 pm,759
7/24/2015 4:03 pm,797
7/24/2015 4:08 pm,881
7/24/2015 4:08 pm,880
7/24/2015 4:08 pm,926
7/24/2015 4:09 pm,952
7/24/2015 4:11 pm,914
7/24/2015 4:12 pm,862
7/24/2015 4:14 pm,917
7/24/2015 4:15 pm,924
7/24/2015 4:16 pm,890
7/24/2015 4:19 pm,803
7/24/2015 4:21 pm,871
7/24/2015 4:23 pm,847
7/24/2015 4:25 pm,924
7/24/2015 4:25 pm,840
7/24/2015 4:26 pm,855
7/24/2015 4:29 pm,824
7/24/2015 4:30 pm,861
7/24/2015 4:34 pm,805
7/24/2015 4:35 pm,842
7/24/2015 4:35 pm,825
7/24/2015 4:38 pm,833
7/24/2015 4:39 pm,838
7/24/2015 4:40 pm,805
7/24/2015 4:42 pm,888
7/24/2015 4:43 pm,840
7/24/2015 4:45 pm,882
7/24/2015 5:12 pm,658
7/24/2015 5:13 pm,649
7/24/2015 5:13 pm,688
7/24/2015 5:19 pm,652
7/24/2015 5:21 pm,668
7/24/2015 5:23 pm,597
7/24/2015 5:23 pm,577
7/24/2015 5:31 pm,724
7/24/2015 5:31 pm,721
7/24/2015 5:34 pm,712
7/24/2015 5:36 pm,731
7/24/2015 5:37 pm,781
7/24/2015 5:40 pm,729
7/24/2015 6:00 pm,697
7/24/2015 6:02 pm,639
7/24/2015 6:04 pm,659
7/24/2015 6:10 pm,731
7/24/2015 6:11 pm,653
7/24/2015 6:12 pm,671
7/24/2015 6:30 pm,576
7/24/2015 6:38 pm,623
7/24/2015 6:38 pm,625
7/24/2015 6:42 pm,651
7/24/2015 7:01 pm,523
7/24/2015 7:10 pm,524
7/24/2015 7:27 pm,550
7/24/2015 7:27 pm,549
7/24/2015 8:03 pm,458
7/24/2015 8:14 pm,514
7/24/2015 8:17 pm,519
7/24/2015 8:24 pm,448
7/24/2015 8:31 pm,1587
7/24/2015 8:46 pm,586
7/24/2015 9:01 pm,491
7/24/2015 9:02 pm,654
7/24/2015 9:10 pm,576
7/24/2015 9:14 pm,519
7/24/2015 9:15 pm,601
7/24/2015 9:30 pm,688
7/24/2015 9:31 pm,548
7/24/2015 9:36 pm,472
7/24/2015 9:37 pm,520
7/24/2015 9:39 pm,501
7/24/2015 9:43 pm,531
7/24/2015 9:43 pm,492
7/24/2015 9:46 pm,515
7/24/2015 10:18 pm,509
7/24/2015 10:20 pm,1787
7/24/2015 10:23 pm,560
7/24/2015 10:28 pm,605
7/24/2015 10:28 pm,609
7/24/2015 10:29 pm,691
7/24/2015 10:40 pm,473
7/24/2015 10:40 pm,474
7/24/2015 11:04 pm,2519
7/24/2015 11:05 pm,425
7/24/2015 11:07 pm,2357
7/24/2015 11:09 pm,462
7/24/2015 11:35 pm,702
7/24/2015 11:40 pm,498
7/24/2015 11:45 pm,487
7/25/2015 12:02 am,412
7/25/2015 12:09 am,536
7/25/2015 12:10 am,538
7/25/2015 12:22 am,647
7/25/2015 12:23 am,1519
7/25/2015 12:23 am,1372
7/25/2015 12:26 am,459
7/25/2015 12:41 am,444
7/25/2015 12:45 am,429
7/25/2015 12:46 am,421
7/25/2015 12:48 am,532
7/25/2015 1:05 am,2020
7/25/2015 1:25 am,442
7/25/2015 1:33 am,339
7/25/2015 1:42 am,442
7/25/2015 1:47 am,424
7/25/2015 1:47 am,422
7/25/2015 2:02 am,366
7/25/2015 2:10 am,404
7/25/2015 2:25 am,913
7/25/2015 4:17 am,316
7/25/2015 4:46 am,344
7/25/2015 6:08 am,402
7/25/2015 7:00 am,2286
7/25/2015 7:06 am,925
7/25/2015 7:12 am,445
7/25/2015 7:16 am,1367
7/25/2015 7:27 am,676
7/25/2015 8:07 am,624
7/25/2015 9:20 am,563
7/25/2015 9:22 am,457
7/25/2015 9:34 am,438
7/25/2015 9:36 am,534
7/25/2015 9:44 am,473
7/25/2015 9:45 am,476
7/25/2015 9:46 am,483
7/25/2015 9:46 am,477
7/25/2015 9:46 am,540
7/25/2015 10:08 am,483
7/25/2015 10:25 am,502
7/25/2015 10:34 am,978
7/25/2015 10:40 am,551
7/25/2015 11:03 am,530
7/25/2015 11:06 am,524
7/25/2015 11:07 am,2028
7/25/2015 11:08 am,499
7/25/2015 11:10 am,513
7/25/2015 11:14 am,507
7/25/2015 11:19 am,566
7/25/2015 11:22 am,596
7/25/2015 11:27 am,549
7/25/2015 11:31 am,1696
7/25/2015 11:41 am,611
7/25/2015 11:42 am,811
7/25/2015 11:45 am,500
7/25/2015 11:50 am,600
7/25/2015 11:50 am,595
7/25/2015 11:50 am,564
7/25/2015 1:06 pm,514
7/25/2015 1:09 pm,555
7/25/2015 1:18 pm,515
7/25/2015 1:21 pm,1888
7/25/2015 1:29 pm,609
7/25/2015 1:44 pm,548
7/25/2015 1:46 pm,573
7/25/2015 1:46 pm,658
7/25/2015 2:00 pm,556
7/25/2015 2:01 pm,544
7/25/2015 2:11 pm,504
7/25/2015 2:11 pm,508
7/25/2015 2:18 pm,542
7/25/2015 2:21 pm,624
7/25/2015 2:24 pm,559
7/25/2015 3:08 pm,501
7/25/2015 3:14 pm,490
7/25/2015 3:15 pm,495
7/25/2015 3:16 pm,563
7/25/2015 3:24 pm,511
7/25/2015 3:27 pm,570
7/25/2015 3:39 pm,539
7/25/2015 4:00 pm,467
7/25/2015 4:03 pm,579
7/25/2015 4:04 pm,664
7/25/2015 4:07 pm,1162
7/25/2015 4:12 pm,463
7/25/2015 4:15 pm,512
7/25/2015 4:19 pm,497
7/25/2015 4:23 pm,512
7/25/2015 4:31 pm,594
7/25/2015 5:05 pm,615
7/25/2015 5:23 pm,487
7/25/2015 5:23 pm,508
7/25/2015 5:30 pm,1719
7/25/2015 6:08 pm,465
7/25/2015 6:15 pm,450
7/25/2015 6:35 pm,583
7/25/2015 6:37 pm,451
7/25/2015 6:47 pm,451
7/25/2015 7:03 pm,517
7/25/2015 7:07 pm,594
7/25/2015 7:20 pm,1309
7/25/2015 7:35 pm,451
7/25/2015 7:36 pm,891
7/25/2015 7:39 pm,506
7/25/2015 8:27 pm,482
7/25/2015 8:29 pm,399
7/25/2015 8:30 pm,380
7/25/2015 8:30 pm,373
7/25/2015 8:38 pm,1086
7/25/2015 9:00 pm,1585
7/25/2015 9:04 pm,444
7/25/2015 9:17 pm,576
7/25/2015 9:21 pm,498
7/25/2015 9:30 pm,514
7/25/2015 9:31 pm,601
7/25/2015 9:40 pm,472
7/25/2015 9:46 pm,439
7/25/2015 10:00 pm,475
7/25/2015 10:04 pm,441
7/25/2015 10:09 pm,553
7/25/2015 10:34 pm,353
7/25/2015 10:52 pm,402
7/25/2015 11:10 pm,465
7/26/2015 12:13 am,340
7/26/2015 1:24 am,696
7/26/2015 6:30 am,421
7/26/2015 7:08 am,1487
7/26/2015 7:27 am,375
7/26/2015 7:44 am,442
7/26/2015 7:54 am,352
7/26/2015 8:06 am,821
7/26/2015 9:13 am,791
7/26/2015 9:40 am,739
7/26/2015 9:45 am,586
7/26/2015 10:10 am,508
7/26/2015 10:23 am,554
7/26/2015 10:42 am,484
7/26/2015 10:53 am,391
7/26/2015 11:09 am,509
7/26/2015 11:10 am,523
7/26/2015 11:20 am,475
7/26/2015 11:21 am,2087
7/26/2015 11:22 am,1015
7/26/2015 11:23 am,493
7/26/2015 11:24 am,497
7/26/2015 11:32 am,434
7/26/2015 11:43 am,441
7/26/2015 11:45 am,584
7/26/2015 11:48 am,482
7/26/2015 11:48 am,481
7/26/2015 12:03 pm,544
7/26/2015 12:09 pm,594
7/26/2015 12:11 pm,1522
7/26/2015 12:18 pm,1621
7/26/2015 12:20 pm,788
7/26/2015 12:21 pm,462
7/26/2015 12:24 pm,536
7/26/2015 12:25 pm,490
7/26/2015 12:26 pm,1247
7/26/2015 12:26 pm,1449
7/26/2015 12:26 pm,663
7/26/2015 12:26 pm,524
7/26/2015 12:31 pm,556
7/26/2015 12:50 pm,526
7/26/2015 12:50 pm,517
7/26/2015 1:00 pm,2264
7/26/2015 1:08 pm,580
7/26/2015 1:12 pm,546
7/26/2015 1:17 pm,2507
7/26/2015 1:27 pm,518
7/26/2015 1:29 pm,528
7/26/2015 1:30 pm,506
7/26/2015 1:34 pm,508
7/26/2015 1:37 pm,1046
7/26/2015 1:50 pm,585
7/26/2015 1:50 pm,522
7/26/2015 2:03 pm,658
7/26/2015 2:19 pm,518
7/26/2015 2:25 pm,1129
7/26/2015 2:25 pm,679
7/26/2015 2:30 pm,1034
7/26/2015 2:33 pm,444
7/26/2015 2:46 pm,531
7/26/2015 2:47 pm,581
7/26/2015 2:48 pm,521
7/26/2015 3:05 pm,1088
7/26/2015 3:34 pm,514
7/26/2015 3:43 pm,836
7/26/2015 4:28 pm,548
7/26/2015 4:33 pm,422
7/26/2015 4:39 pm,538
7/26/2015 4:47 pm,496
7/26/2015 5:27 pm,520
7/26/2015 5:27 pm,468
7/26/2015 6:02 pm,521
7/26/2015 6:02 pm,525
7/26/2015 6:02 pm,2045
7/26/2015 6:23 pm,478
7/26/2015 6:26 pm,470
7/26/2015 6:33 pm,522
7/26/2015 6:39 pm,522
7/26/2015 6:41 pm,555
7/26/2015 6:59 pm,481
7/26/2015 7:02 pm,478
7/26/2015 7:14 pm,430
7/26/2015 7:16 pm,862
7/26/2015 7:16 pm,592
7/26/2015 7:25 pm,515
7/26/2015 7:33 pm,407
7/26/2015 7:39 pm,447
7/26/2015 7:48 pm,563
7/26/2015 8:02 pm,1111
7/26/2015 8:42 pm,484
7/26/2015 8:51 pm,479
7/26/2015 9:06 pm,563
7/26/2015 9:25 pm,471
7/26/2015 9:38 pm,464
7/26/2015 9:40 pm,484
7/26/2015 9:48 pm,524
7/26/2015 10:17 pm,830
7/26/2015 10:18 pm,474
7/26/2015 10:24 pm,636
7/26/2015 10:34 pm,463
7/26/2015 11:07 pm,422
7/26/2015 11:33 pm,395
7/26/2015 11:45 pm,428
7/27/2015 1:22 am,408
7/27/2015 3:24 am,354
7/27/2015 3:44 am,360
7/27/2015 4:08 am,315
7/27/2015 5:35 am,447
7/27/2015 5:35 am,449
7/27/2015 5:43 am,707
7/27/2015 6:39 am,457
7/27/2015 7:20 am,568
7/27/2015 7:26 am,637
7/27/2015 7:35 am,529
7/27/2015 8:03 am,555
7/27/2015 8:09 am,564
7/27/2015 8:32 am,591
7/27/2015 8:38 am,544
7/27/2015 9:06 am,600
7/27/2015 9:11 am,2599
7/27/2015 9:11 am,533
7/27/2015 9:16 am,1090
7/27/2015 9:24 am,547
7/27/2015 10:00 am,459
7/27/2015 10:11 am,517
7/27/2015 10:23 am,529
7/27/2015 10:24 am,838
7/27/2015 10:26 am,541
7/27/2015 10:36 am,474
7/27/2015 10:39 am,484
7/27/2015 10:42 am,590
7/27/2015 10:45 am,545
7/27/2015 10:50 am,489
7/27/2015 11:01 am,478
7/27/2015 11:14 am,525
7/27/2015 11:37 am,491
7/27/2015 11:45 am,589
7/27/2015 12:05 pm,1451
7/27/2015 12:07 pm,2583
7/27/2015 12:11 pm,648
7/27/2015 12:28 pm,591
7/27/2015 12:29 pm,1043
7/27/2015 12:30 pm,582
7/27/2015 12:32 pm,589
7/27/2015 1:13 pm,1996
7/27/2015 1:15 pm,522
7/27/2015 1:25 pm,548
7/27/2015 1:30 pm,2542
7/27/2015 1:31 pm,615
7/27/2015 1:33 pm,592
7/27/2015 1:36 pm,594
7/27/2015 1:45 pm,537
7/27/2015 1:49 pm,562
7/27/2015 1:49 pm,555
7/27/2015 1:50 pm,605
7/27/2015 2:00 pm,548
7/27/2015 2:02 pm,573
7/27/2015 2:06 pm,529
7/27/2015 2:11 pm,535
7/27/2015 2:11 pm,532
7/27/2015 2:12 pm,490
7/27/2015 2:16 pm,579
7/27/2015 2:17 pm,524
7/27/2015 2:22 pm,593
7/27/2015 2:26 pm,580
7/27/2015 2:26 pm,575
7/27/2015 3:03 pm,2428
7/27/2015 3:03 pm,1066
7/27/2015 3:08 pm,685
7/27/2015 3:09 pm,535
7/27/2015 3:09 pm,687
7/27/2015 3:09 pm,663
7/27/2015 3:26 pm,674
7/27/2015 3:26 pm,829
7/27/2015 3:29 pm,632
7/27/2015 3:30 pm,608
7/27/2015 3:38 pm,747
7/27/2015 3:38 pm,775
7/27/2015 3:42 pm,653
7/27/2015 4:02 pm,1078
7/27/2015 4:02 pm,905
7/27/2015 4:05 pm,1239
7/27/2015 4:06 pm,1301
7/27/2015 4:12 pm,1412
7/27/2015 4:14 pm,1384
7/27/2015 4:16 pm,1377
7/27/2015 4:25 pm,1094
7/27/2015 4:26 pm,1199
7/27/2015 4:30 pm,1048
7/27/2015 4:42 pm,1029
7/27/2015 5:05 pm,900
7/27/2015 5:14 pm,972
7/27/2015 5:16 pm,750
7/27/2015 5:20 pm,868
7/27/2015 5:28 pm,811
7/27/2015 5:28 pm,811
7/27/2015 5:28 pm,946
7/27/2015 5:33 pm,855
7/27/2015 5:37 pm,799
7/27/2015 5:37 pm,900
7/27/2015 5:44 pm,680
7/27/2015 6:06 pm,716
7/27/2015 6:08 pm,648
7/27/2015 6:09 pm,624
7/27/2015 6:14 pm,602
7/27/2015 6:15 pm,783
7/27/2015 6:26 pm,496
7/27/2015 6:28 pm,568
7/27/2015 6:30 pm,473
7/27/2015 6:32 pm,524
7/27/2015 6:51 pm,482
7/27/2015 7:09 pm,553
7/27/2015 7:17 pm,530
7/27/2015 7:19 pm,1208
7/27/2015 7:22 pm,462
7/27/2015 8:06 pm,1061
7/27/2015 8:08 pm,390
7/27/2015 8:10 pm,447
7/27/2015 8:10 pm,2322
7/27/2015 8:45 pm,571
7/27/2015 9:02 pm,455
7/27/2015 9:02 pm,669
7/27/2015 9:23 pm,523
7/27/2015 9:45 pm,541
7/27/2015 10:18 pm,474
7/27/2015 10:29 pm,740
7/27/2015 11:48 pm,387
7/28/2015 12:07 am,400
7/28/2015 12:12 am,443
7/28/2015 12:24 am,476
7/28/2015 12:49 am,358
7/28/2015 1:10 am,395
7/28/2015 2:16 am,438
7/28/2015 3:42 am,377
7/28/2015 4:11 am,358
7/28/2015 5:22 am,425
7/28/2015 5:22 am,424
7/28/2015 5:42 am,664
7/28/2015 6:49 am,391
7/28/2015 7:21 am,482
7/28/2015 7:30 am,550
7/28/2015 7:31 am,485
7/28/2015 7:42 am,701
7/28/2015 8:05 am,571
7/28/2015 9:01 am,569
7/28/2015 9:04 am,459
7/28/2015 9:06 am,833
7/28/2015 9:16 am,619
7/28/2015 9:16 am,2266
7/28/2015 9:17 am,510
7/28/2015 9:21 am,516
7/28/2015 9:45 am,562
7/28/2015 10:03 am,501
7/28/2015 10:04 am,1429
7/28/2015 10:08 am,507
7/28/2015 10:27 am,807
7/28/2015 10:31 am,462
7/28/2015 11:12 am,530
7/28/2015 11:16 am,564
7/28/2015 11:19 am,548
7/28/2015 11:39 am,787
7/28/2015 11:39 am,590
7/28/2015 11:43 am,557
7/28/2015 11:43 am,519
7/28/2015 12:03 pm,555
7/28/2015 12:05 pm,626
7/28/2015 12:26 pm,639
7/28/2015 1:04 pm,526
7/28/2015 1:11 pm,488
7/28/2015 1:13 pm,1260
7/28/2015 1:19 pm,600
7/28/2015 1:21 pm,1819
7/28/2015 1:21 pm,602
7/28/2015 1:25 pm,572
7/28/2015 1:26 pm,472
7/28/2015 1:28 pm,957
7/28/2015 1:33 pm,533
7/28/2015 1:37 pm,583
7/28/2015 1:43 pm,614
7/28/2015 1:45 pm,601
7/28/2015 1:47 pm,655
7/28/2015 1:48 pm,632
7/28/2015 2:03 pm,556
7/28/2015 2:04 pm,585
7/28/2015 2:04 pm,608
7/28/2015 2:06 pm,603
7/28/2015 2:14 pm,570
7/28/2015 2:16 pm,639
7/28/2015 2:16 pm,658
7/28/2015 2:20 pm,541
7/28/2015 2:25 pm,578
7/28/2015 2:35 pm,650
7/28/2015 2:40 pm,624
7/28/2015 3:00 pm,829
7/28/2015 3:02 pm,867
7/28/2015 3:03 pm,782
7/28/2015 3:03 pm,779
7/28/2015 3:11 pm,753
7/28/2015 3:13 pm,687
7/28/2015 3:15 pm,827
7/28/2015 3:19 pm,2155
7/28/2015 3:25 pm,719
7/28/2015 3:28 pm,664
7/28/2015 3:29 pm,704
7/28/2015 3:32 pm,705
7/28/2015 3:32 pm,720
7/28/2015 3:32 pm,711
7/28/2015 3:32 pm,692
7/28/2015 3:40 pm,746
7/28/2015 3:41 pm,666
7/28/2015 3:42 pm,680
7/28/2015 3:46 pm,685
7/28/2015 4:02 pm,806
7/28/2015 4:03 pm,768
7/28/2015 4:03 pm,808
7/28/2015 4:04 pm,862
7/28/2015 4:04 pm,305
7/28/2015 4:05 pm,938
7/28/2015 4:06 pm,1121
7/28/2015 4:06 pm,911
7/28/2015 4:11 pm,712
7/28/2015 4:12 pm,866
7/28/2015 4:15 pm,820
7/28/2015 4:22 pm,818
7/28/2015 4:23 pm,813
7/28/2015 4:28 pm,794
7/28/2015 4:29 pm,734
7/28/2015 4:33 pm,887
7/28/2015 4:33 pm,732
7/28/2015 4:38 pm,846
7/28/2015 4:40 pm,970
7/28/2015 5:03 pm,997
7/28/2015 5:05 pm,976
7/28/2015 5:08 pm,1052
7/28/2015 5:08 pm,1532
7/28/2015 5:08 pm,1474
7/28/2015 5:08 pm,1380
7/28/2015 5:08 pm,998
7/28/2015 5:14 pm,882
7/28/2015 5:15 pm,936
7/28/2015 5:20 pm,810
7/28/2015 5:22 pm,972
7/28/2015 5:27 pm,843
7/28/2015 5:27 pm,1360
7/28/2015 5:29 pm,835
7/28/2015 5:31 pm,794
7/28/2015 5:32 pm,809
7/28/2015 5:33 pm,907
7/28/2015 5:33 pm,909
7/28/2015 5:34 pm,833
7/28/2015 5:34 pm,865
7/28/2015 5:40 pm,863
7/28/2015 5:43 pm,854
7/28/2015 5:44 pm,776
7/28/2015 6:05 pm,727
7/28/2015 6:06 pm,1078
7/28/2015 6:08 pm,792
7/28/2015 6:10 pm,782
7/28/2015 6:10 pm,2362
7/28/2015 6:12 pm,708
7/28/2015 6:28 pm,666
7/28/2015 6:34 pm,702
7/28/2015 6:37 pm,992
7/28/2015 6:44 pm,730
7/28/2015 6:46 pm,765
7/28/2015 7:03 pm,633
7/28/2015 7:05 pm,895
7/28/2015 7:10 pm,589
7/28/2015 7:13 pm,545
7/28/2015 7:13 pm,552
7/28/2015 7:15 pm,617
7/28/2015 7:19 pm,625
7/28/2015 7:21 pm,530
7/28/2015 7:22 pm,566
7/28/2015 7:34 pm,511
7/28/2015 7:43 pm,384
7/28/2015 7:49 pm,577
7/28/2015 8:12 pm,1113
7/28/2015 8:12 pm,939
7/28/2015 8:13 pm,672
7/28/2015 8:16 pm,484
7/28/2015 8:16 pm,785
7/28/2015 8:16 pm,784
7/28/2015 8:18 pm,676
7/28/2015 8:18 pm,463
7/28/2015 8:21 pm,449
7/28/2015 8:21 pm,1533
7/28/2015 8:21 pm,537
7/28/2015 8:37 pm,717
7/28/2015 8:38 pm,541
7/28/2015 8:42 pm,570
7/28/2015 9:18 pm,511
7/28/2015 9:34 pm,538
7/28/2015 9:35 pm,1255
7/28/2015 10:13 pm,392
7/28/2015 10:19 pm,465
7/28/2015 10:45 pm,380
7/28/2015 10:47 pm,362
7/28/2015 11:27 pm,444
7/29/2015 12:22 am,388
7/29/2015 12:35 am,414
7/29/2015 2:17 am,405
7/29/2015 3:42 am,372
7/29/2015 5:25 am,1916
7/29/2015 5:43 am,741
7/29/2015 5:48 am,555
7/29/2015 6:26 am,478
7/29/2015 6:44 am,356
7/29/2015 6:45 am,467
7/29/2015 7:00 am,526
7/29/2015 7:06 am,2087
7/29/2015 7:18 am,546
7/29/2015 7:35 am,525
7/29/2015 8:12 am,514
7/29/2015 8:15 am,1322
7/29/2015 8:24 am,541
7/29/2015 8:29 am,490
7/29/2015 8:33 am,1354
7/29/2015 8:46 am,622
7/29/2015 9:19 am,555
7/29/2015 9:33 am,511
7/29/2015 9:37 am,564
7/29/2015 9:44 am,445
7/29/2015 10:02 am,2061
7/29/2015 10:09 am,632
7/29/2015 10:11 am,448
7/29/2015 10:13 am,524
7/29/2015 10:19 am,1930
7/29/2015 10:26 am,931
7/29/2015 10:27 am,592
7/29/2015 10:36 am,533
7/29/2015 10:41 am,835
7/29/2015 10:45 am,555
7/29/2015 10:46 am,529
7/29/2015 11:05 am,500
7/29/2015 11:20 am,768
7/29/2015 11:35 am,520
7/29/2015 11:44 am,533
7/29/2015 11:45 am,509
7/29/2015 12:02 pm,646
7/29/2015 12:05 pm,536
7/29/2015 12:10 pm,545
7/29/2015 12:11 pm,1965
7/29/2015 12:15 pm,1235
7/29/2015 12:16 pm,1153
7/29/2015 12:17 pm,637
7/29/2015 12:23 pm,1629
7/29/2015 12:27 pm,643
7/29/2015 12:34 pm,591
7/29/2015 12:34 pm,912
7/29/2015 12:48 pm,573
7/29/2015 12:59 pm,1641
7/29/2015 1:05 pm,648
7/29/2015 1:27 pm,1730
7/29/2015 1:27 pm,1191
7/29/2015 2:00 pm,503
7/29/2015 2:02 pm,481
7/29/2015 2:05 pm,543
7/29/2015 2:05 pm,542
7/29/2015 2:07 pm,517
7/29/2015 2:09 pm,562
7/29/2015 2:10 pm,2030
7/29/2015 2:14 pm,604
7/29/2015 2:14 pm,584
7/29/2015 2:16 pm,652
7/29/2015 2:23 pm,613
7/29/2015 2:27 pm,518
7/29/2015 2:30 pm,599
7/29/2015 2:30 pm,595
7/29/2015 2:35 pm,757
7/29/2015 2:37 pm,754
7/29/2015 2:39 pm,682
7/29/2015 2:39 pm,736
7/29/2015 2:43 pm,661
7/29/2015 2:59 pm,758
7/29/2015 3:03 pm,816
7/29/2015 3:07 pm,674
7/29/2015 3:07 pm,757
7/29/2015 3:07 pm,1584
7/29/2015 3:13 pm,1524
7/29/2015 3:14 pm,679
7/29/2015 3:19 pm,896
7/29/2015 3:22 pm,630
7/29/2015 3:23 pm,649
7/29/2015 3:26 pm,645
7/29/2015 3:26 pm,638
7/29/2015 3:28 pm,685
7/29/2015 3:29 pm,664
7/29/2015 3:30 pm,688
7/29/2015 3:38 pm,801
7/29/2015 3:41 pm,718
7/29/2015 3:45 pm,749
7/29/2015 4:01 pm,802
7/29/2015 4:01 pm,850
7/29/2015 4:02 pm,786
7/29/2015 4:05 pm,1092
7/29/2015 4:06 pm,948
7/29/2015 4:07 pm,891
7/29/2015 4:08 pm,884
7/29/2015 4:09 pm,897
7/29/2015 4:10 pm,949
7/29/2015 4:10 pm,843
7/29/2015 4:11 pm,955
7/29/2015 4:11 pm,926
7/29/2015 4:15 pm,918
7/29/2015 4:15 pm,966
7/29/2015 4:17 pm,928
7/29/2015 4:17 pm,929
7/29/2015 4:21 pm,894
7/29/2015 4:21 pm,866
7/29/2015 4:31 pm,807
7/29/2015 4:31 pm,744
7/29/2015 4:32 pm,798
7/29/2015 4:32 pm,762
7/29/2015 4:33 pm,744
7/29/2015 4:41 pm,754
7/29/2015 4:42 pm,804
7/29/2015 4:47 pm,704
7/29/2015 5:00 pm,816
7/29/2015 5:00 pm,869
7/29/2015 5:03 pm,738
7/29/2015 5:04 pm,755
7/29/2015 5:12 pm,923
7/29/2015 5:12 pm,916
7/29/2015 5:13 pm,983
7/29/2015 5:13 pm,983
7/29/2015 5:15 pm,947
7/29/2015 5:15 pm,978
7/29/2015 5:20 pm,865
7/29/2015 5:22 pm,931
7/29/2015 5:24 pm,913
7/29/2015 5:26 pm,943
7/29/2015 5:36 pm,807
7/29/2015 5:38 pm,847
7/29/2015 5:39 pm,800
7/29/2015 5:46 pm,774
7/29/2015 6:05 pm,726
7/29/2015 6:29 pm,795
7/29/2015 6:34 pm,803
7/29/2015 6:35 pm,703
7/29/2015 6:38 pm,750
7/29/2015 6:43 pm,604
7/29/2015 6:59 pm,524
7/29/2015 7:04 pm,556
7/29/2015 7:24 pm,539
7/29/2015 7:25 pm,520
7/29/2015 7:34 pm,435
7/29/2015 7:35 pm,502
7/29/2015 7:45 pm,551
7/29/2015 7:45 pm,549
7/29/2015 8:10 pm,534
7/29/2015 8:16 pm,521
7/29/2015 9:07 pm,526
7/29/2015 9:18 pm,605
7/29/2015 9:20 pm,531
7/29/2015 9:20 pm,1668
7/29/2015 9:21 pm,584
7/29/2015 9:23 pm,493
7/29/2015 9:32 pm,437
7/29/2015 9:32 pm,433
7/29/2015 9:35 pm,534
7/29/2015 10:01 pm,480
7/29/2015 10:08 pm,447
7/29/2015 10:12 pm,549
7/29/2015 10:15 pm,460
7/29/2015 10:25 pm,707
7/29/2015 10:51 pm,376
7/29/2015 11:24 pm,556
7/29/2015 11:26 pm,434
7/30/2015 2:28 am,416
7/30/2015 3:13 am,2291
7/30/2015 3:42 am,352
7/30/2015 3:43 am,497
7/30/2015 3:53 am,363
7/30/2015 4:02 am,346
7/30/2015 5:42 am,786
7/30/2015 6:02 am,491
7/30/2015 6:09 am,407
7/30/2015 6:29 am,1171
7/30/2015 6:40 am,528
7/30/2015 7:04 am,513
7/30/2015 7:27 am,762
7/30/2015 8:13 am,456
7/30/2015 8:30 am,476
7/30/2015 8:32 am,587
7/30/2015 8:45 am,539
7/30/2015 9:03 am,786
7/30/2015 9:05 am,534
7/30/2015 9:20 am,764
7/30/2015 9:22 am,609
7/30/2015 9:27 am,591
7/30/2015 9:27 am,562
7/30/2015 9:37 am,537
7/30/2015 9:38 am,486
