Location,Reading,Timestamp,,
US26 WB @185 lane 1,60,09:43:02,,
,61,09:43:07,,
,62,09:43:19,,
,61,09:43:20,,
,61,09:43:22,,
,63,09:43:24,,
,60,09:43:29,,
,61,09:43:32,,
,62,09:43:40,,
,64,09:43:42,,
,63,09:43:43,,
,61,09:43:45,,
,68,09:43:50,,
,66,09:44:07,,
,65,09:44:14,,
,64,09:44:21,,
,70,09:44:23,,
,64,09:44:31,,
,66,09:44:35,,
,67,09:44:39,,
,65,09:44:47,,
,64,09:44:48,,
,64,09:44:52,,
,68,09:44:53,,
,71,09:44:57,,
,64,09:45:04,,
,66,09:45:07,,
,66,09:45:09,,
,68,09:45:13,,
,65,09:45:26,,
,70,09:45:33,,
,68,09:45:38,,
,68,09:45:46,,
,72,09:45:53,,
,70,09:45:55,,
,69,09:45:59,,
,69,09:46:01,,
,63,09:46:06,,
,66,09:46:18,,
,67,09:46:27,,
,63,09:46:33,,
,70,09:46:38,,
,70,09:46:41,,
,67,09:46:43,,
,64,09:46:45,,
,61,09:46:48,,
,64,09:46:49,,
,65,09:46:53,,
,59,09:47:00,,
,61,09:47:01,,
,61,09:47:03,,
,71,09:47:06,,
,68,09:47:30,,
,65,09:47:34,,
,67,09:47:36,,
,63,09:47:39,,
,64,09:47:41,,
,64,09:47:44,,
,61,09:47:47,,
,63,09:47:51,,
,65,09:47:54,,
,61,09:47:55,,
,60,09:47:58,,
,61,09:48:02,,
,63,09:48:05,,
,64,09:48:07,,
,68,09:48:09,,
,65,09:48:15,,
,63,09:48:24,,
,65,09:48:28,,
,68,09:48:31,,
,71,09:48:34,,
,68,09:48:37,,
,69,09:48:40,,
,66,09:48:46,,
,58,09:48:48,,
,61,09:48:57,,
,66,09:48:58,,
,66,09:49:01,,
,61,09:49:10,,
,64,09:49:13,,
,65,09:49:29,,
,61,09:49:32,,
,61,09:49:42,,
,60,09:49:44,,
,63,09:49:45,,
,62,09:49:48,,
,66,09:49:50,,
,64,09:50:03,,
,67,09:50:05,,
,67,09:50:11,,
,66,09:50:15,,
,64,09:50:17,,
,65,09:50:23,,
,65,09:50:24,,
,65,09:50:25,,
,67,09:50:35,,
,66,09:50:36,,
,64,09:50:43,,
,68,09:50:44,,
,71,09:50:48,,
,64,09:50:54,,
,66,09:50:56,,
,63,09:50:58,,
,63,09:51:03,,
,63,09:51:10,,
,68,09:51:16,,
,60,09:51:24,,
,63,09:51:25,,
,64,09:51:30,,
,61,09:51:32,,
,63,09:51:33,,
,64,09:51:34,,
,69,09:51:43,,
,66,09:51:45,,
,65,09:51:58,,
,71,09:51:59,,
,61,09:52:02,,
,64,09:52:23,,
,62,09:52:37,,
,62,09:52:39,,
,62,09:52:43,,
,66,09:52:46,,
,64,09:52:49,,
,64,09:52:50,,
,65,09:52:53,,
,71,09:52:54,,
,65,09:53:02,,
,64,09:53:07,,
,62,09:53:14,,
,63,09:53:17,,
,63,09:53:20,,
,65,09:53:21,,
,67,09:53:23,,
,70,09:53:25,,
,62,09:53:33,,
,68,09:53:35,,
,69,09:53:37,,
,70,09:53:39,,
,68,09:53:41,,
,64,09:53:42,,
,66,09:53:45,,
,68,09:53:46,,
,69,09:53:49,,
,67,09:54:10,,
,64,09:54:18,,
,64,09:54:22,,
,62,09:54:25,,
,60,09:54:27,,
,64,09:54:28,,
,64,09:54:29,,
,56,09:54:44,,
,63,09:54:46,,
,62,09:54:48,,
,65,09:54:51,,
,67,09:54:53,,
,65,09:54:55,,
,63,09:54:56,,
,70,09:55:05,,
,64,09:55:19,,
,61,09:55:32,,
,74,09:55:35,,
,69,09:55:38,,
,64,09:55:47,,
,62,09:55:48,,
,63,09:55:49,,
,69,09:55:59,,
,66,09:56:13,,
,64,09:56:14,,
,65,09:56:27,,
,64,09:56:29,,
,66,09:56:30,,
,66,09:56:32,,
,66,09:56:44,,
,59,09:56:45,,
,66,09:56:49,,
,66,09:56:51,,
,68,09:56:56,,
,67,09:56:57,,
,67,09:57:07,,
,69,09:57:21,,
,60,09:57:25,,
,63,09:57:29,,
,63,09:57:30,,
,65,09:57:42,,
,67,09:57:43,,
,65,09:57:46,,
,66,09:57:49,,
,70,09:57:58,,
,71,09:58:00,,
,68,09:58:03,,
,66,09:58:07,,
,61,09:58:20,,
,62,09:58:22,,
,68,09:58:24,,
,68,09:58:26,,
,67,09:58:28,,
,65,09:58:30,,
,60,09:58:33,,
,70,09:58:40,,
,62,09:58:42,,
,64,09:58:46,,
,64,09:58:48,,
,64,09:59:00,,
,66,09:59:02,,
,63,09:59:04,,
,65,09:59:23,,
,66,09:59:26,,
,67,10:00:15,,
,64,10:00:16,,
,64,10:00:17,,
,67,10:00:21,,
,63,10:00:26,,
,64,10:00:34,,
,62,10:00:44,,
,69,10:00:50,,
,66,10:00:54,,
,64,10:01:00,,
,67,10:01:03,,
,67,10:01:05,,
,61,10:01:07,,
,62,10:01:08,,
,61,10:01:10,,
,62,10:01:12,,
,59,10:01:16,,
,54,10:01:17,,
,65,10:01:18,,
,65,10:01:21,,
,64,10:01:22,,
,62,10:01:25,,
,68,10:01:29,,
,67,10:01:38,,
,63,10:01:40,,
,67,10:01:44,,
,69,10:01:48,,
,62,10:01:53,,
,63,10:01:58,,
,63,10:01:59,,
,64,10:02:04,,
,64,10:02:05,,
,65,10:02:06,,
,67,10:02:08,,
,62,10:02:11,,
,63,10:02:12,,
,63,10:02:16,,
,63,10:02:19,,
,64,10:02:23,,
,66,10:02:53,,
,65,10:02:54,,
,62,10:03:00,,
,68,10:03:26,,
,66,10:03:28,,
,58,10:03:32,,
,65,10:03:39,,
,67,10:03:42,,
,67,10:03:53,,
,67,10:03:54,,
,66,10:03:56,,
,65,10:04:10,,
,66,10:04:11,,
,67,10:04:13,,
,69,10:04:16,,
,68,10:04:40,,
,66,10:04:40,,
,62,10:04:43,,
,64,10:04:47,,
,67,10:04:51,,
,68,10:04:52,,
,69,10:04:55,,
,73,10:04:56,,
,67,10:04:58,,
,68,10:04:59,,
,72,10:05:08,,
,73,10:05:11,,
,73,10:05:18,,
,70,10:05:20,,
,68,10:05:30,,
,66,10:05:33,,
,63,10:05:41,,
,68,10:05:42,,
,66,10:05:44,,
,64,10:05:47,,
,66,10:05:48,,
,67,10:05:52,,
,66,10:05:54,,
,67,10:05:58,,
,61,10:06:01,,
,63,10:06:03,,
,61,10:06:08,,
,61,10:06:10,,
,58,10:06:12,,
,58,10:06:21,,
,63,10:06:45,,
,62,10:06:53,,
,62,10:06:54,,
,64,10:06:56,,
,64,10:06:57,,
,64,10:06:58,,
,64,10:07:01,,
,64,10:07:02,,
,67,10:07:04,,
,70,10:07:05,,
,64,10:07:07,,
,65,10:07:09,,
,61,10:08:54,,
,63,10:08:55,,
,62,10:08:57,,
,69,10:09:00,,
,68,10:09:01,,
,69,10:09:04,,
,67,10:09:15,,
,60,10:09:28,,
,62,10:09:30,,
,62,10:09:32,,
,64,10:09:36,,
,66,10:09:43,,
,63,10:09:47,,
,62,10:09:49,,
,60,10:09:50,,
,60,10:09:51,,
,64,10:09:53,,
,63,10:09:58,,
,67,10:10:00,,
,65,10:10:01,,
,61,10:10:03,,
,63,10:10:09,,
,65,10:10:10,,
,69,10:10:11,,
,61,10:10:20,,
,63,10:10:22,,
,61,10:10:31,,
,60,10:10:34,,
,62,10:10:36,,
,63,10:10:37,,
,59,10:10:48,,
,60,10:10:50,,
,64,10:10:52,,
,64,10:11:00,,
,70,10:11:06,,
,65,10:11:08,,
,62,10:11:12,,
,62,10:11:16,,
,70,10:11:24,,
,62,10:11:26,,
,66,10:11:27,,
,67,10:11:29,,
,65,10:11:30,,
,64,10:11:31,,
,62,10:11:37,,
,63,10:11:45,,
,65,10:11:47,,
,66,10:11:48,,
,65,10:11:51,,
,66,10:11:53,,
,64,10:11:54,,
,67,10:11:56,,
,62,10:11:58,,
,66,10:12:04,,
,67,10:12:06,,
,67,10:12:07,,
,68,10:12:08,,
,67,10:12:10,,
,73,10:12:11,,
,71,10:12:12,,
,62,10:12:21,,
,60,10:12:25,,
,61,10:12:26,,
,59,10:12:28,,
,57,10:12:32,,
,61,10:12:34,,
,60,10:12:36,,
,62,10:12:38,,
,63,10:12:39,,
,63,10:12:40,,
,64,10:12:43,,
,62,10:12:47,,
,60,10:12:50,,
,60,10:12:52,,
,59,10:12:54,,
,61,10:12:55,,
,63,10:12:56,,
,62,10:13:08,,
,61,10:13:10,,
,61,10:13:13,,
,60,10:13:14,,
,65,10:13:15,,
,64,10:13:16,,
,64,10:13:17,,
,67,10:13:19,,
,60,10:13:20,,
,61,10:13:21,,
,61,10:13:23,,
,62,10:13:26,,
,62,10:13:28,,
,63,10:13:30,,
,65,10:13:32,,
,64,10:13:35,,
,63,10:13:49,,
,66,10:14:17,,
,65,10:14:18,,
,66,10:14:21,,
,67,10:14:26,,
US26 WB @ 185th lane 2,56,10:20:24,,
,58,10:20:27,,
,53,10:20:31,,
,52,10:20:33,,
,54,10:20:35,,
,54,10:20:37,,
,55,10:20:38,,
,54,10:20:40,,
,52,10:20:42,,
,52,10:20:44,,
,49,10:20:48,,
,55,10:20:50,,
,56,10:20:53,,
,56,10:20:54,,
,62,10:21:00,,
,60,10:21:03,,
,55,10:21:07,,
,62,10:21:09,,
,54,10:21:11,,
,54,10:21:14,,
,56,10:21:15,,
,52,10:21:22,,
,50,10:21:25,,
,52,10:21:26,,
,48,10:21:29,,
,48,10:21:31,,
,46,10:21:33,,
,48,10:21:35,,
,47,10:21:40,,
,58,10:21:47,,
,60,10:21:49,,
,60,10:21:50,,
,60,10:21:53,,
,61,10:21:56,,
,61,10:21:57,,
,56,10:22:04,,
,54,10:22:07,,
,58,10:22:10,,
,57,10:22:12,,
,57,10:22:14,,
,57,10:22:16,,
,56,10:22:18,,
,55,10:22:20,,
,57,10:22:23,,
,57,10:22:30,,
,58,10:22:31,,
,58,10:22:33,,
,59,10:22:35,,
,63,10:22:43,,
,64,10:22:45,,
,55,10:22:48,,
,54,10:22:56,,
,63,10:23:02,,
,56,10:23:05,,
,50,10:23:07,,
,51,10:23:09,,
,54,10:23:11,,
,56,10:23:13,,
,53,10:23:15,,
,58,10:23:17,,
,55,10:23:20,,
,57,10:23:22,,
,57,10:23:26,,
,55,10:23:28,,
,53,10:23:30,,
,53,10:23:35,,
,55,10:23:36,,
,56,10:23:37,,
,59,10:23:39,,
,53,10:23:47,,
,52,10:23:51,,
,54,10:23:52,,
,56,10:23:56,,
,55,10:24:01,,
,49,10:24:03,,
,53,10:24:05,,
,55,10:24:08,,
,52,10:24:12,,
,54,10:24:14,,
,51,10:24:16,,
,50,10:24:19,,
,51,10:24:22,,
,55,10:24:23,,
,63,10:24:26,,
,55,10:24:30,,
,55,10:24:32,,
,61,10:24:36,,
,59,10:24:39,,
,58,10:24:41,,
,58,10:24:43,,
,60,10:24:44,,
,64,10:24:47,,
,63,10:24:49,,
,58,10:24:55,,
,57,10:24:58,,
,56,10:24:59,,
,57,10:25:02,,
,64,10:25:04,,
,58,10:25:06,,
,59,10:25:07,,
,59,10:25:09,,
,60,10:25:10,,
,59,10:25:12,,
,62,10:25:15,,
,57,10:25:18,,
,62,10:25:20,,
,63,10:25:23,,
,60,10:25:26,,
,60,10:25:29,,
,60,10:25:45,,
,59,10:25:47,,
,62,10:25:51,,
,64,10:25:54,,
,58,10:25:57,,
,55,10:25:59,,
,62,10:26:02,,
,66,10:26:05,,
,60,10:26:07,,
,66,10:26:09,,
,55,10:26:15,,
,55,10:26:17,,
,55,10:26:19,,
,58,10:26:21,,
,60,10:26:25,,
,59,10:26:26,,
,57,10:26:28,,
,58,10:26:31,,
,57,10:26:33,,
,67,10:26:37,,
,64,10:26:41,,
,55,10:26:45,,
,53,10:26:47,,
,57,10:26:51,,
,57,10:27:00,,
,58,10:27:01,,
,60,10:27:05,,
,60,10:27:10,,
,60,10:27:11,,
,60,10:27:14,,
,59,10:27:17,,
,60,10:27:20,,
,68,10:27:22,,
,60,10:27:25,,
,63,10:27:35,,
,60,10:27:43,,
,58,10:27:45,,
,59,10:27:52,,
,55,10:27:56,,
,55,10:27:58,,
,59,10:27:59,,
,60,10:28:02,,
,54,10:28:12,,
,54,10:28:14,,
,55,10:28:15,,
,54,10:28:17,,
,58,10:28:20,,
,56,10:28:23,,
,57,10:28:24,,
,58,10:28:28,,
,60,10:28:30,,
,61,10:28:35,,
,59,10:28:39,,
,57,10:28:41,,
,58,10:28:43,,
,59,10:28:46,,
,59,10:28:48,,
,58,10:28:49,,
,61,10:28:51,,
,61,10:28:52,,
,62,10:28:55,,
,64,10:28:56,,
,64,10:28:57,,
,58,10:29:02,,
,57,10:29:04,,
,55,10:29:11,,
,55,10:29:12,,
,64,10:29:21,,
,58,10:29:23,,
,56,10:29:28,,
,57,10:29:29,,
,56,10:29:31,,
,59,10:29:33,,
,57,10:29:35,,
,61,10:29:42,,
,59,10:29:48,,
,59,10:29:51,,
,56,10:29:52,,
,60,10:29:55,,
,58,10:29:57,,
,57,10:29:59,,
,63,10:30:03,,
,61,10:30:08,,
,58,10:30:15,,
,57,10:30:18,,
,57,10:30:19,,
,57,10:30:24,,
,55,10:30:25,,
,57,10:30:26,,
,57,10:30:28,,
,59,10:30:29,,
,57,10:30:33,,
,57,10:30:35,,
,55,10:30:37,,
,52,10:30:39,,
,53,10:30:41,,
,54,10:30:43,,
,58,10:30:44,,
,58,10:30:46,,
,62,10:30:53,,
,57,10:31:00,,
,59,10:31:02,,
,58,10:31:04,,
,59,10:31:07,,
,59,10:31:09,,
,60,10:31:11,,
,59,10:31:12,,
,63,10:31:14,,
,61,10:31:17,,
,55,10:31:19,,
,56,10:31:21,,
,52,10:31:23,,
,62,10:31:26,,
,63,10:31:27,,
,60,10:31:34,,
,60,10:31:40,,
,63,10:31:50,,
,63,10:31:53,,
,63,10:31:55,,
,63,10:31:57,,
,61,10:32:02,,
,57,10:32:04,,
,62,10:32:11,,
,58,10:32:14,,
,56,10:32:16,,
,57,10:32:19,,
,53,10:32:21,,
,54,10:32:23,,
,55,10:32:24,,
,55,10:32:25,,
,54,10:32:28,,
,58,10:32:29,,
,58,10:32:31,,
,59,10:32:32,,
,57,10:32:36,,
,61,10:32:40,,
,59,10:32:43,,
,62,10:32:48,,
,61,10:32:55,,
,61,10:32:56,,
,60,10:32:58,,
,61,10:33:00,,
,71,10:33:12,,
,56,10:33:19,,
,57,10:33:28,,
,57,10:33:29,,
,56,10:33:30,,
,55,10:33:32,,
,59,10:33:36,,
,59,10:33:40,,
,62,10:33:42,,
,63,10:33:44,,
,57,10:33:49,,
,65,10:33:57,,
,54,10:34:03,,
,56,10:34:06,,
,55,10:34:11,,
,56,10:34:13,,
,58,10:34:17,,
,60,10:34:19,,
,56,10:34:21,,
,55,10:34:23,,
,54,10:34:25,,
,58,10:34:27,,
,62,10:34:29,,
,62,10:34:31,,
,62,10:34:34,,
,58,10:34:37,,
,57,10:34:40,,
,61,10:34:45,,
,56,10:34:49,,
,55,10:34:51,,
,58,10:34:57,,
,56,10:34:59,,
,56,10:35:02,,
,57,10:35:04,,
,58,10:35:06,,
,55,10:35:07,,
,62,10:35:19,,
,60,10:35:20,,
,59,10:35:22,,
,62,10:35:25,,
,58,10:35:32,,
,59,10:35:35,,
,62,10:35:40,,
,63,10:35:43,,
,60,10:35:46,,
,57,10:35:52,,
,56,10:36:01,,
,56,10:36:06,,
,63,10:36:09,,
,62,10:36:11,,
,58,10:36:19,,
,54,10:36:21,,
,54,10:36:22,,
,50,10:36:28,,
,50,10:36:30,,
,53,10:36:33,,
,48,10:36:35,,
,51,10:36:36,,
,51,10:36:38,,
,50,10:36:40,,
,58,10:36:42,,
,58,10:36:44,,
,59,10:36:48,,
,57,10:36:50,,
,57,10:36:53,,
,58,10:36:55,,
,55,10:36:56,,
,56,10:36:58,,
,56,10:37:00,,
,56,10:37:02,,
,56,10:37:05,,
,57,10:37:06,,
,56,10:37:07,,
,54,10:37:11,,
,55,10:37:13,,
,55,10:37:15,,
,62,10:37:17,,
,59,10:37:21,,
,59,10:37:23,,
,61,10:37:30,,
,67,10:37:37,,
,74,10:37:40,,
,68,10:37:50,,
,54,10:37:57,,
,53,10:37:59,,
,56,10:38:02,,
,56,10:38:04,,
,62,10:38:07,,
,60,10:38:09,,
,61,10:38:11,,
,58,10:38:13,,
,57,10:38:15,,
,57,10:38:17,,
,56,10:38:18,,
,58,10:38:20,,
,57,10:38:23,,
,58,10:38:27,,
,57,10:38:29,,
,56,10:38:32,,
,59,10:38:36,,
,60,10:38:39,,
,59,10:38:42,,
,54,10:38:46,,
,58,10:38:52,,
,59,10:38:53,,
,57,10:38:55,,
,60,10:39:02,,
,62,10:39:04,,
,55,10:39:09,,
,58,10:39:13,,
,62,10:39:15,,
,59,10:39:17,,
,64,10:39:20,,
,60,10:39:25,,
,61,10:39:27,,
,60,10:39:33,,
,62,10:39:35,,
,59,10:39:39,,
,57,10:39:40,,
,61,10:39:42,,
,59,10:39:44,,
,67,10:39:49,,
,59,10:39:55,,
,57,10:39:58,,
,60,10:40:01,,
,60,10:40:07,,
,58,10:40:10,,
,56,10:40:13,,
,56,10:40:15,,
,56,10:40:16,,
,54,10:40:18,,
,58,10:40:20,,
,56,10:40:22,,
,63,10:40:25,,
,58,10:40:28,,
,60,10:40:32,,
,53,10:40:41,,
,63,10:40:47,,
,57,10:40:50,,
,56,10:40:52,,
,54,10:40:57,,
,54,10:40:59,,
,60,10:41:01,,
,60,10:41:02,,
,61,10:41:04,,
,60,10:41:06,,
,61,10:41:08,,
,62,10:41:14,,
,61,10:41:16,,
,61,10:41:18,,
,60,10:41:22,,
,60,10:41:24,,
,62,10:41:26,,
,63,10:41:28,,
,60,10:41:30,,
,59,10:41:31,,
,60,10:41:34,,
,58,10:41:35,,
,60,10:41:38,,
,57,10:41:44,,
,63,10:41:46,,
,67,10:41:49,,
,65,10:41:51,,
,62,10:41:57,,
,61,10:42:01,,
,56,10:42:05,,
,62,10:42:07,,
,64,10:42:11,,
,59,10:42:13,,
,58,10:42:26,,
,59,10:42:32,,
,61,10:42:35,,
,65,10:42:36,,
,58,10:42:38,,
,59,10:42:41,,
,61,10:42:43,,
,61,10:42:45,,
,59,10:42:52,,
,64,10:42:56,,
,60,10:43:04,,
,58,10:43:07,,
,59,10:43:09,,
,58,10:43:10,,
,57,10:43:12,,
,58,10:43:13,,
,61,10:43:16,,
,62,10:43:18,,
,59,10:43:20,,
,57,10:43:21,,
,64,10:43:26,,
,61,10:43:28,,
,64,10:43:31,,
,62,10:43:38,,
,67,10:43:41,,
,66,10:43:54,,
,60,10:43:56,,
,57,10:44:02,,
,56,10:44:03,,
,57,10:44:06,,
,55,10:44:08,,
,54,10:44:10,,
,55,10:44:11,,
,57,10:44:13,,
,58,10:44:15,,
,59,10:44:18,,
,57,10:44:21,,
,59,10:44:24,,
,56,10:44:26,,
,56,10:44:28,,
,57,10:44:30,,
,55,10:44:32,,
,55,10:44:33,,
,60,10:44:35,,
,57,10:44:37,,
,56,10:44:46,,
,51,10:44:55,,
,53,10:44:57,,
,53,10:44:59,,
,58,10:45:00,,
,60,10:45:02,,
,56,10:45:07,,
,54,10:45:09,,
,62,10:45:13,,
,63,10:45:15,,
,65,10:45:18,,
,58,10:45:19,,
,60,10:45:22,,
,56,10:45:24,,
,62,10:45:26,,
,59,10:45:28,,
,61,10:45:30,,
,58,10:45:36,,
,60,10:45:41,,
,55,10:45:42,,
,59,10:45:45,,
,49,10:45:52,,
,49,10:45:55,,
,52,10:45:57,,
,55,10:45:58,,
,59,10:46:04,,
,64,10:46:07,,
,60,10:46:11,,
,57,10:46:14,,
,60,10:46:20,,
,60,10:46:32,,
,61,10:46:33,,
,59,10:46:35,,
,59,10:46:48,,
,54,10:46:57,,
,55,10:46:58,,
,64,10:47:02,,
,59,10:47:04,,
,68,10:47:07,,
,63,10:47:08,,
,63,10:47:17,,
,61,10:47:20,,
,60,10:47:21,,
,59,10:47:23,,
,57,10:47:25,,
,58,10:47:27,,
,56,10:47:29,,
,56,10:47:30,,
,61,10:47:40,,
,63,10:47:42,,
,58,10:47:46,,
,60,10:47:47,,
,58,10:47:51,,
,67,10:47:57,,
,61,10:47:58,,
,60,10:48:03,,
,59,10:48:04,,
,60,10:48:05,,
,61,10:48:07,,
,61,10:48:10,,
,61,10:48:16,,
,60,10:48:19,,
,62,10:48:22,,
,56,10:48:25,,
,58,10:48:27,,
,62,10:48:29,,
,63,10:48:31,,
,56,10:48:40,,
,58,10:48:41,,
,60,10:48:44,,
,58,10:48:47,,
,59,10:48:49,,
,59,10:48:50,,
,56,10:48:52,,
,64,10:48:56,,
,59,10:48:58,,
,55,10:49:00,,
,56,10:49:02,,
,56,10:49:05,,
,57,10:49:11,,
,59,10:49:13,,
,59,10:49:15,,
,61,10:49:17,,
,68,10:49:19,,
,66,10:49:25,,
,64,10:49:34,,
,67,10:49:38,,
,69,10:49:42,,
,56,10:49:47,,
,57,10:49:53,,
,57,10:49:57,,
,56,10:49:59,,
,58,10:50:02,,
,57,10:50:04,,
,59,10:50:12,,
I-205 SB @ OR224 Lane 1,62,13:18:08,,
,65,13:18:23,,
,62,13:18:26,,
,68,13:18:30,,
,60,13:18:41,,
,65,13:18:42,,
,65,13:18:47,,
,65,13:18:50,,
,67,13:18:55,,
,61,13:18:59,,
,70,13:19:11,,
,72,13:19:13,,
,71,13:19:17,,
,68,13:19:23,,
,65,13:19:27,,
,71,13:19:40,,
,68,13:19:42,,
,61,13:19:45,,
,60,13:19:47,,
,65,13:19:55,,
,66,13:19:57,,
,69,13:20:08,,
,69,13:20:10,,
,66,13:20:12,,
,60,13:20:26,,
,63,13:20:29,,
,64,13:20:32,,
,64,13:20:34,,
,66,13:20:41,,
,67,13:20:55,,
,67,13:21:05,,
,63,13:21:15,,
,63,13:21:19,,
,62,13:21:22,,
,58,13:21:29,,
,65,13:21:32,,
,66,13:21:33,,
,61,13:21:35,,
,64,13:21:48,,
,69,13:22:08,,
,61,13:22:15,,
,71,13:22:25,,
,66,13:22:27,,
,67,13:22:29,,
,62,13:22:40,,
,62,13:22:41,,
,62,13:22:43,,
,62,13:22:49,,
,60,13:22:57,,
,61,13:23:07,,
,62,13:23:09,,
,62,13:23:10,,
,63,13:23:13,,
,62,13:23:15,,
,59,13:23:18,,
,61,13:23:24,,
,63,13:23:28,,
,66,13:23:30,,
,62,13:23:34,,
,64,13:23:39,,
,68,13:23:43,,
,67,13:23:47,,
,71,13:23:57,,
,65,13:23:58,,
,66,13:24:02,,
,66,13:24:04,,
,69,13:24:07,,
,65,13:24:19,,
,64,13:24:22,,
,62,13:24:23,,
,61,13:24:33,,
,62,13:24:37,,
,60,13:24:41,,
,60,13:24:49,,
,59,13:24:52,,
,60,13:24:54,,
,59,13:24:59,,
,68,13:25:01,,
,65,13:25:02,,
,62,13:25:05,,
,61,13:25:11,,
,67,13:25:14,,
,58,13:25:20,,
,61,13:25:32,,
,62,13:25:33,,
,62,13:25:35,,
,63,13:25:37,,
,61,13:25:39,,
,64,13:25:40,,
,63,13:25:43,,
,65,13:25:45,,
,61,13:25:48,,
,64,13:25:49,,
,65,13:25:51,,
,62,13:25:52,,
,60,13:25:54,,
,68,13:25:56,,
,67,13:25:57,,
,60,13:26:04,,
,61,13:26:06,,
,63,13:26:08,,
,62,13:26:10,,
,63,13:26:12,,
,65,13:26:15,,
,66,13:26:16,,
,68,13:26:21,,
,61,13:26:23,,
,59,13:26:26,,
,61,13:26:29,,
,60,13:26:33,,
,60,13:26:35,,
,65,13:26:36,,
,63,13:26:39,,
,70,13:26:48,,
,64,13:27:04,,
,66,13:27:11,,
,65,13:27:15,,
,62,13:27:19,,
,66,13:27:20,,
,64,13:27:27,,
,65,13:27:28,,
,60,13:27:38,,
,60,13:27:40,,
,62,13:27:55,,
,57,13:27:59,,
,64,13:28:01,,
,66,13:28:02,,
,67,13:28:04,,
,65,13:28:05,,
,64,13:28:16,,
,59,13:28:24,,
,62,13:28:31,,
,62,13:28:35,,
,62,13:28:37,,
,59,13:28:39,,
,58,13:28:42,,
,60,13:28:43,,
,59,13:28:54,,
,65,13:29:05,,
,64,13:29:07,,
,64,13:29:08,,
,64,13:29:11,,
,62,13:29:14,,
,70,13:29:18,,
,59,13:29:41,,
,58,13:29:44,,
,64,13:29:45,,
,63,13:29:46,,
,65,13:29:52,,
,66,13:29:54,,
,56,13:30:01,,
,56,13:30:07,,
,60,13:30:09,,
,58,13:30:12,,
,65,13:30:14,,
,59,13:30:16,,
,60,13:30:19,,
,62,13:30:22,,
,58,13:30:24,,
,55,13:30:32,,
,61,13:30:34,,
,58,13:30:35,,
,63,13:30:42,,
,58,13:30:46,,
,56,13:30:48,,
,56,13:30:53,,
,60,13:30:55,,
,61,13:30:57,,
,56,13:31:00,,
,56,13:31:02,,
,60,13:31:09,,
,57,13:31:10,,
,59,13:31:11,,
,57,13:31:22,,
,55,13:31:25,,
,62,13:31:31,,
,62,13:31:33,,
,60,13:31:41,,
,61,13:31:43,,
,58,13:31:45,,
,60,13:31:48,,
,59,13:31:49,,
,60,13:31:51,,
,58,13:31:55,,
,57,13:32:04,,
,52,13:32:06,,
,56,13:32:07,,
,60,13:32:17,,
,58,13:32:19,,
,61,13:32:21,,
,59,13:32:23,,
,61,13:32:25,,
,59,13:32:27,,
,56,13:32:30,,
,55,13:32:33,,
,61,13:32:35,,
,62,13:32:38,,
,60,13:32:41,,
,58,13:32:46,,
,59,13:32:50,,
,61,13:32:54,,
,58,13:32:57,,
,65,13:32:59,,
,65,13:33:04,,
,59,13:33:07,,
,63,13:33:10,,
,63,13:33:13,,
,62,13:33:15,,
,62,13:33:22,,
,59,13:33:27,,
,58,13:33:32,,
,57,13:33:34,,
,58,13:33:38,,
,61,13:33:41,,
,62,13:33:44,,
,69,13:33:50,,
,59,13:33:53,,
,59,13:33:54,,
,63,13:33:58,,
,64,13:34:07,,
,63,13:34:08,,
,61,13:34:10,,
,66,13:34:15,,
,65,13:34:21,,
,63,13:34:25,,
,65,13:34:27,,
,63,13:34:29,,
,62,13:34:32,,
,60,13:34:35,,
,59,13:34:41,,
,62,13:34:43,,
,62,13:34:45,,
,64,13:34:50,,
,66,13:34:53,,
,65,13:34:55,,
,62,13:34:57,,
,62,13:34:59,,
,59,13:35:00,,
,62,13:35:02,,
,62,13:35:04,,
,63,13:35:06,,
,62,13:35:07,,
,65,13:35:10,,
,63,13:35:12,,
,64,13:35:13,,
,65,13:35:16,,
,64,13:35:18,,
,59,13:35:21,,
,69,13:35:26,,
,64,13:35:29,,
,62,13:35:33,,
,60,13:35:36,,
,61,13:35:38,,
,58,13:35:46,,
,57,13:35:49,,
,62,13:35:51,,
,65,13:35:55,,
,60,13:36:03,,
,55,13:36:05,,
,56,13:36:06,,
,65,13:36:07,,
,60,13:36:09,,
,60,13:36:12,,
,63,13:36:16,,
,62,13:36:17,,
,63,13:36:22,,
,59,13:36:26,,
,58,13:36:29,,
,57,13:36:30,,
,59,13:36:32,,
,60,13:36:34,,
,62,13:36:37,,
,63,13:36:40,,
,63,13:36:42,,
,62,13:36:45,,
,64,13:36:46,,
,66,13:36:47,,
,63,13:36:54,,
,62,13:36:58,,
,64,13:37:01,,
,68,13:37:05,,
,66,13:37:07,,
,66,13:37:11,,
,64,13:37:12,,
,66,13:37:16,,
,65,13:37:20,,
,72,13:37:23,,
,63,13:37:33,,
,65,13:37:48,,
,60,13:37:57,,
,64,13:38:04,,
,63,13:38:06,,
,58,13:38:09,,
,58,13:38:10,,
,59,13:38:13,,
,58,13:38:14,,
,58,13:38:17,,
,58,13:38:18,,
,58,13:38:26,,
,59,13:38:28,,
,58,13:38:31,,
,65,13:38:34,,
,65,13:38:38,,
,64,13:38:42,,
,63,13:38:45,,
,66,13:38:46,,
,68,13:38:55,,
,62,13:38:56,,
,64,13:39:01,,
,62,13:39:05,,
,64,13:39:10,,
,63,13:39:10,,
,63,13:39:12,,
,69,13:39:14,,
,60,13:39:18,,
,65,13:39:26,,
,62,13:39:31,,
,65,13:39:32,,
,65,13:39:37,,
,59,13:39:39,,
,60,13:39:41,,
,62,13:39:43,,
,64,13:39:46,,
,64,13:39:51,,
,60,13:39:56,,
,60,13:39:57,,
,60,13:39:58,,
,58,13:40:05,,
,62,13:40:10,,
,67,13:40:12,,
,59,13:40:12,,
,65,13:40:14,,
,64,13:40:16,,
,60,13:40:17,,
,62,13:40:18,,
,59,13:40:23,,
,61,13:40:30,,
,61,13:40:34,,
,67,13:40:37,,
,69,13:40:38,,
,68,13:40:43,,
,65,13:40:46,,
,69,13:40:53,,
,66,13:40:55,,
,66,13:40:57,,
,60,13:40:59,,
,58,13:41:02,,
,69,13:41:06,,
,61,13:41:10,,
,67,13:41:16,,
,57,13:41:27,,
,67,13:41:31,,
,62,13:41:35,,
,63,13:41:36,,
,66,13:41:38,,
,64,13:41:48,,
,62,13:41:50,,
,63,13:41:53,,
,64,13:41:55,,
,64,13:42:01,,
,63,13:42:02,,
,62,13:42:09,,
,59,13:42:11,,
,61,13:42:19,,
,65,13:42:24,,
,66,13:42:28,,
,64,13:42:32,,
,62,13:42:33,,
,63,13:42:35,,
,65,13:42:38,,
,66,13:42:41,,
,66,13:42:45,,
,66,13:42:49,,
,63,13:42:52,,
,63,13:42:59,,
,63,13:43:01,,
,59,13:43:05,,
,61,13:43:08,,
,62,13:43:10,,
,65,13:43:12,,
,65,13:43:15,,
,56,13:43:19,,
,68,13:43:29,,
,63,13:43:32,,
,62,13:43:34,,
,63,13:43:36,,
,65,13:43:40,,
,63,13:43:43,,
,65,13:43:49,,
,59,13:43:58,,
,64,13:44:04,,
,67,13:44:06,,
,65,13:44:08,,
,61,13:44:13,,
,60,13:44:17,,
,60,13:44:19,,
,60,13:44:22,,
,58,13:44:27,,
,57,13:44:30,,
,58,13:44:34,,
,59,13:44:39,,
,59,13:44:43,,
,54,13:44:44,,
,54,13:44:47,,
,59,13:44:49,,
,57,13:44:51,,
,60,13:44:52,,
,65,13:44:54,,
,60,13:44:57,,
,55,13:44:59,,
,60,13:45:00,,
,61,13:45:04,,
,59,13:45:07,,
,54,13:45:10,,
,54,13:45:12,,
,57,13:45:15,,
,57,13:45:17,,
,52,13:45:20,,
,55,13:45:24,,
,54,13:45:28,,
,57,13:45:32,,
,55,13:45:33,,
,55,13:45:36,,
,58,13:45:37,,
,59,13:45:39,,
,60,13:45:43,,
,55,13:45:45,,
,59,13:45:49,,
,65,13:45:52,,
,54,13:45:55,,
,52,13:45:59,,
,60,13:46:02,,
,61,13:46:08,,
,59,13:46:11,,
,62,13:46:17,,
,61,13:46:19,,
,60,13:46:21,,
,63,13:46:23,,
,62,13:46:27,,
,63,13:46:29,,
,71,13:46:37,,
,70,13:46:38,,
,70,13:46:41,,
,68,13:46:50,,
,70,13:46:51,,
,66,13:46:52,,
,65,13:46:55,,
,66,13:46:57,,
,63,13:46:59,,
,63,13:47:03,,
,64,13:47:04,,
,55,13:47:10,,
,56,13:47:12,,
,54,13:47:16,,
,62,13:47:17,,
,54,13:47:21,,
,58,13:47:28,,
,65,13:47:29,,
,67,13:47:34,,
,63,13:47:48,,
,60,13:47:49,,
,60,13:47:51,,
,62,13:47:53,,
,59,13:47:55,,
,59,13:48:00,,
,62,13:48:05,,
I-205 SB @ OR224 Lane 3,53,13:51:11,,
,55,13:51:12,,
,56,13:51:14,,
,50,13:51:16,,
,59,13:51:26,,
,61,13:51:28,,
,57,13:51:31,,
,53,13:51:34,,
,56,13:51:36,,
,55,13:51:42,,
,52,13:51:44,,
,54,13:51:50,,
,55,13:51:56,,
,58,13:52:06,,
,59,13:52:09,,
,59,13:52:11,,
,55,13:52:23,,
,54,13:52:24,,
,55,13:52:30,,
,55,13:52:33,,
,54,13:52:35,,
,51,13:52:39,,
,55,13:52:40,,
,50,13:52:46,,
,48,13:52:48,,
,47,13:52:50,,
,50,13:52:52,,
,50,13:52:55,,
,54,13:52:57,,
,50,13:52:59,,
,49,13:53:06,,
,49,13:53:08,,
,58,13:53:13,,
,60,13:53:15,,
,50,13:53:18,,
,49,13:53:22,,
,47,13:53:27,,
,54,13:53:39,,
,54,13:53:40,,
,51,13:53:42,,
,50,13:53:45,,
,55,13:53:52,,
,73,13:54:03,,
,63,13:54:06,,
,55,13:54:13,,
,60,13:54:15,,
,61,13:54:21,,
,61,13:54:23,,
,58,13:54:27,,
,61,13:54:29,,
,60,13:54:34,,
,54,13:54:37,,
,56,13:54:44,,
,59,13:54:45,,
,59,13:54:46,,
,54,13:54:49,,
,60,13:54:51,,
,54,13:54:54,,
,52,13:54:56,,
,61,13:55:00,,
,56,13:55:10,,
,51,13:55:12,,
,57,13:55:14,,
,57,13:55:16,,
,53,13:55:28,,
,54,13:55:37,,
,51,13:55:46,,
,47,13:55:55,,
,45,13:55:59,,
,61,13:56:02,,
,55,13:56:05,,
,55,13:56:10,,
,54,13:56:19,,
,57,13:56:24,,
,55,13:56:26,,
,55,13:56:29,,
,58,13:56:34,,
,58,13:56:35,,
,57,13:56:37,,
,59,13:56:40,,
,54,13:56:43,,
,58,13:56:47,,
,52,13:56:50,,
,56,13:56:52,,
,53,13:56:59,,
,50,13:57:05,,
,55,13:57:06,,
,53,13:57:10,,
,49,13:57:13,,
,56,13:57:17,,
,56,13:57:18,,
,56,13:57:21,,
,56,13:57:24,,
,54,13:57:28,,
,53,13:57:36,,
,54,13:57:38,,
,53,13:57:42,,
,57,13:57:47,,
,60,13:57:52,,
,60,13:57:54,,
,57,13:57:58,,
,58,13:58:01,,
,57,13:58:05,,
,52,13:58:08,,
,55,13:58:11,,
,48,13:58:16,,
,51,13:58:19,,
,54,13:58:28,,
,61,13:58:36,,
,65,13:58:40,,
,57,13:58:42,,
,50,13:58:48,,
,57,13:59:04,,
,56,13:59:11,,
,56,13:59:13,,
,57,13:59:18,,
,54,13:59:28,,
,56,13:59:29,,
,60,13:59:42,,
,51,13:59:46,,
,54,13:59:51,,
,51,13:59:58,,
,53,14:00:00,,
,56,14:00:02,,
,53,14:00:05,,
,50,14:00:08,,
,52,14:00:10,,
,52,14:00:12,,
,56,14:00:16,,
,56,14:00:19,,
,56,14:00:24,,
,55,14:00:34,,
,51,14:00:38,,
,51,14:00:39,,
,53,14:00:43,,
,53,14:00:45,,
,52,14:00:48,,
,54,14:00:56,,
,50,14:01:01,,
,48,14:01:03,,
,49,14:01:06,,
,48,14:01:07,,
,56,14:01:12,,
,54,14:01:17,,
,55,14:01:25,,
,57,14:01:28,,
,57,14:01:31,,
,57,14:01:37,,
,58,14:01:39,,
,59,14:01:43,,
,59,14:01:45,,
,58,14:01:47,,
,58,14:01:50,,
,53,14:01:53,,
,54,14:01:55,,
,52,14:01:57,,
,57,14:02:02,,
,55,14:02:07,,
,56,14:02:13,,
,52,14:02:15,,
,54,14:02:20,,
,56,14:02:21,,
,54,14:02:23,,
,53,14:02:25,,
,56,14:02:27,,
,55,14:02:30,,
,54,14:02:32,,
,58,14:02:42,,
,55,14:02:43,,
,55,14:02:48,,
,61,14:02:51,,
,53,14:02:57,,
,54,14:02:58,,
,58,14:03:03,,
,54,14:03:05,,
,54,14:03:13,,
,61,14:03:19,,
,52,14:03:28,,
,58,14:03:37,,
,54,14:03:41,,
,51,14:03:42,,
,56,14:03:47,,
,55,14:03:50,,
,53,14:03:53,,
,56,14:03:55,,
,52,14:03:59,,
,52,14:04:01,,
,56,14:04:04,,
,58,14:04:10,,
,60,14:04:15,,
,55,14:04:35,,
,54,14:04:36,,
,63,14:04:38,,
,61,14:04:50,,
,50,14:04:51,,
,49,14:04:56,,
,50,14:05:01,,
,58,14:05:10,,
,63,14:05:14,,
,56,14:05:17,,
,56,14:05:25,,
,54,14:05:27,,
,56,14:05:30,,
,56,14:05:32,,
,55,14:05:37,,
,64,14:05:44,,
,53,14:05:46,,
,54,14:05:50,,
,55,14:05:56,,
,54,14:05:58,,
,60,14:06:04,,
,55,14:06:15,,
,59,14:06:17,,
,54,14:06:20,,
,55,14:06:21,,
,53,14:06:27,,
,53,14:06:31,,
,51,14:06:34,,
,59,14:06:36,,
,51,14:06:43,,
,53,14:06:45,,
,50,14:06:48,,
,58,14:06:54,,
,61,14:07:01,,
,51,14:07:02,,
,51,14:07:06,,
,52,14:07:10,,
,56,14:07:12,,
,51,14:07:15,,
,52,14:07:20,,
,54,14:07:30,,
,52,14:07:34,,
,54,14:07:36,,
,57,14:07:40,,
,52,14:07:41,,
,50,14:07:49,,
,48,14:07:51,,
,49,14:07:59,,
,48,14:08:00,,
,52,14:08:06,,
,47,14:08:10,,
,52,14:08:12,,
,49,14:08:15,,
,54,14:08:18,,
,55,14:08:23,,
,59,14:08:24,,
,53,14:08:32,,
,50,14:08:36,,
,50,14:08:38,,
,49,14:08:41,,
,49,14:08:43,,
,55,14:08:48,,
,53,14:08:54,,
,68,14:09:00,,
,55,14:09:05,,
,52,14:09:10,,
,58,14:09:12,,
,50,14:09:14,,
,50,14:09:17,,
,56,14:09:22,,
,51,14:09:24,,
,50,14:09:26,,
,49,14:09:29,,
,49,14:09:33,,
,47,14:09:37,,
,49,14:09:39,,
,49,14:09:42,,
,55,14:09:46,,
,47,14:09:54,,
,48,14:09:55,,
,47,14:09:59,,
,53,14:10:03,,
,50,14:10:05,,
,49,14:10:15,,
,46,14:10:18,,
,42,14:10:20,,
,43,14:10:26,,
,43,14:10:29,,
,47,14:10:32,,
,46,14:10:34,,
,46,14:10:38,,
,43,14:10:40,,
,43,14:10:42,,
,40,14:10:47,,
,49,14:10:51,,
,46,14:10:55,,
,45,14:10:58,,
,45,14:11:00,,
,55,14:11:13,,
,47,14:11:19,,
,57,14:11:23,,
,55,14:11:25,,
,48,14:11:30,,
,50,14:11:35,,
,49,14:11:37,,
,54,14:11:44,,
,52,14:11:47,,
,53,14:11:49,,
,53,14:11:52,,
,53,14:11:59,,
,54,14:12:01,,
,58,14:12:04,,
,58,14:12:07,,
,55,14:12:12,,
,54,14:12:20,,
,52,14:12:25,,
,51,14:12:29,,
,54,14:12:31,,
,57,14:12:34,,
,53,14:12:38,,
,52,14:12:43,,
,54,14:12:44,,
,52,14:12:46,,
,51,14:12:48,,
,54,14:12:50,,
,49,14:12:56,,
,48,14:12:58,,
,50,14:13:01,,
,54,14:13:07,,
,55,14:13:08,,
,53,14:13:15,,
,56,14:13:16,,
,52,14:13:24,,
,51,14:13:29,,
,55,14:13:33,,
,55,14:13:37,,
,52,14:13:39,,
,59,14:13:48,,
,56,14:13:57,,
,56,14:14:03,,
,53,14:14:11,,
,53,14:14:12,,
,57,14:14:13,,
,53,14:14:15,,
,55,14:14:19,,
,55,14:14:21,,
,54,14:14:22,,
,52,14:14:35,,
,52,14:14:38,,
,59,14:14:43,,
,52,14:14:52,,
,52,14:14:57,,
,51,14:14:59,,
,49,14:15:06,,
,51,14:15:07,,
,55,14:15:13,,
,58,14:15:16,,
,57,14:15:18,,
,61,14:15:20,,
,61,14:15:23,,
,62,14:15:29,,
,62,14:15:32,,
,57,14:15:36,,
,52,14:15:39,,
,53,14:15:40,,
,50,14:15:44,,
,51,14:15:46,,
,48,14:15:50,,
,59,14:15:56,,
,57,14:15:59,,
,54,14:16:07,,
,59,14:16:17,,
,58,14:16:20,,
,61,14:16:23,,
,64,14:16:30,,
,60,14:16:37,,
,63,14:16:41,,
,65,14:16:43,,
,66,14:16:45,,
,69,14:16:50,,
,48,14:16:56,,
,50,14:16:59,,
,51,14:17:01,,
,50,14:17:03,,
,50,14:17:04,,
,57,14:17:07,,
,58,14:17:08,,
,54,14:17:16,,
,55,14:17:17,,
,58,14:17:31,,
,59,14:17:33,,
,61,14:17:37,,
,58,14:17:38,,
,54,14:17:43,,
,54,14:17:49,,
,53,14:17:51,,
,51,14:17:53,,
,53,14:17:59,,
,52,14:18:09,,
,55,14:18:10,,
,51,14:18:12,,
,52,14:18:14,,
,55,14:18:18,,
,50,14:18:25,,
,50,14:18:27,,
,48,14:18:29,,
,54,14:18:35,,
,60,14:18:37,,
,55,14:18:41,,
,54,14:18:44,,
,49,14:18:48,,
,54,14:18:53,,
,53,14:18:57,,
,53,14:19:00,,
,59,14:19:03,,
,52,14:19:10,,
,52,14:19:11,,
,50,14:19:22,,
,51,14:19:24,,
,47,14:19:29,,
,58,14:19:35,,
,55,14:19:37,,
,55,14:19:42,,
,53,14:19:47,,
,52,14:19:51,,
,49,14:19:57,,
,48,14:20:00,,
,45,14:20:03,,
,43,14:20:09,,
,43,14:20:11,,
,59,14:20:20,,
,59,14:20:24,,
,55,14:20:27,,
,48,14:20:34,,
,52,14:20:36,,
,51,14:20:38,,
,49,14:20:45,,
,51,14:20:47,,
,49,14:20:51,,
,49,14:20:54,,
,50,14:20:57,,
,60,14:21:01,,
,57,14:21:04,,
,49,14:21:06,,
,48,14:21:15,,
,49,14:21:16,,
,47,14:21:17,,